,,Overall,Overall,Overall,Overall,Overall,Overall,,Conf.,Conf.,,Home,Home,,Away,Away,,Points,Points,,Opponent,Opponent,Opponent,Opponent,Opponent,Opponent,Opponent,Opponent,Opponent,Opponent,Opponent,Opponent,Opponent,Opponent,Opponent,Opponent,Opponent
Rk,School,G,W,L,W-L%,SRS,SOS,,W,L,,W,L,,W,L,,Tm.,Opp.,,MP,FG,FGA,FG%,3P,3PA,3P%,FT,FTA,FT%,ORB,TRB,AST,STL,BLK,TOV,PF
1,Abilene Christian,32,16,16,.500,-9.14,-6.82,,8,10,,9,6,,6,9,,2359,2279,,1290,770,1759,.438,214,657,.326,525,743,.707,313,1107,370,205,91,512,556
2,Air Force,31,12,19,.387,-4.31,1.72,,6,12,,9,7,,3,10,,2124,2244,,1245,781,1686,.463,288,726,.397,394,553,.712,274,1069,447,174,106,436,582
3,Akron,32,14,18,.438,-6.82,-1.92,,6,12,,12,4,,2,10,,2296,2411,,1295,828,1797,.461,257,720,.357,498,689,.723,298,1106,423,202,114,410,554
4,Alabama A&M,31,3,28,.097,-23.97,-8.04,,3,15,,2,9,,1,18,,1873,2367,,1245,881,1844,.478,228,595,.383,377,549,.687,340,1126,460,237,151,353,528
5,Alabama-Birmingham,33,20,13,.606,4.90,-0.65,,10,8,,14,3,,5,6,,2536,2303,,1330,827,1952,.424,292,853,.342,357,513,.696,301,1035,440,232,100,414,555
6,Alabama State,31,8,23,.258,-18.56,-8.62,,8,10,,4,8,,4,13,,2129,2437,,1245,813,1795,.453,238,631,.377,573,836,.685,392,1232,418,207,119,401,590
7,Alabama NCAA,36,20,16,.556,12.34,10.64,,8,10,,12,4,,2,8,,2604,2543,,1440,877,2109,.416,262,799,.328,527,769,.685,414,1277,427,237,134,473,718
8,Albany (NY),32,22,10,.688,0.02,-5.40,,10,6,,14,3,,8,7,,2375,2182,,1280,807,1808,.446,215,654,.329,353,503,.702,261,965,433,176,135,368,634
9,Alcorn State,32,11,21,.344,-18.07,-8.60,,7,11,,9,5,,2,16,,2244,2388,,1285,809,1867,.433,266,766,.347,504,716,.704,363,1179,466,201,99,419,557
10,American,30,6,24,.200,-14.63,-6.16,,3,15,,4,8,,2,16,,1961,2215,,1205,776,1595,.487,199,519,.383,464,650,.714,282,1059,412,208,108,413,499
11,Appalachian State,33,15,18,.455,-4.83,-2.67,,9,9,,9,4,,4,11,,2520,2448,,1340,854,1953,.437,232,641,.362,508,705,.721,304,1177,406,219,104,430,686
12,Arizona State NCAA,32,20,12,.625,14.37,6.55,,8,10,,13,4,,4,6,,2645,2395,,1290,841,1919,.438,262,766,.342,451,628,.718,357,1171,479,172,111,474,688
13,Arizona NCAA,35,27,8,.771,15.67,6.84,,14,4,,15,1,,8,3,,2818,2509,,1420,890,2047,.435,261,729,.358,468,638,.734,310,1018,443,214,92,406,686
14,Little Rock,32,7,25,.219,-10.45,-2.22,,4,14,,5,10,,2,14,,2038,2242,,1300,754,1744,.432,269,761,.353,465,687,.677,336,1130,436,173,115,436,529
15,Arkansas-Pine Bluff,35,14,21,.400,-14.84,-9.36,,12,6,,7,3,,6,13,,2307,2499,,1410,831,1919,.433,227,690,.329,610,858,.711,445,1327,489,274,68,531,609
16,Arkansas State,32,11,21,.344,-9.65,-3.02,,6,12,,7,7,,4,13,,2369,2523,,1290,911,1852,.492,245,642,.382,456,641,.711,318,1133,471,182,113,437,593
17,Arkansas NCAA,35,23,12,.657,14.76,9.85,,10,8,,15,2,,3,7,,2819,2647,,1415,872,2028,.430,301,844,.357,602,828,.727,394,1264,477,167,125,490,680
18,Army,30,13,17,.433,-8.62,-7.17,,6,12,,6,5,,4,12,,2230,2223,,1205,757,1709,.443,251,699,.359,458,640,.716,281,1092,406,200,108,427,467
19,Auburn NCAA,34,26,8,.765,15.97,7.29,,13,5,,15,1,,7,4,,2783,2488,,1360,838,1961,.427,273,777,.351,539,747,.722,341,1207,439,207,111,516,700
20,Austin Peay,34,19,15,.559,-3.28,-2.50,,12,6,,13,5,,5,9,,2512,2446,,1370,845,1821,.464,240,661,.363,516,721,.716,309,1107,408,200,130,549,720
21,Ball State,32,19,13,.594,-1.22,-2.00,,10,8,,14,2,,5,10,,2410,2362,,1295,841,1977,.425,258,715,.361,422,580,.728,335,1160,419,222,113,384,608
22,Baylor,34,19,15,.559,14.60,9.17,,8,10,,15,5,,2,9,,2571,2369,,1375,836,2016,.415,261,774,.337,436,609,.716,367,1091,499,197,142,400,613
23,Belmont,33,24,9,.727,5.54,-2.88,,15,3,,14,2,,9,6,,2562,2284,,1320,836,1943,.430,228,680,.335,384,521,.737,302,1068,380,202,90,382,572
24,Bethune-Cookman,32,18,14,.563,-12.19,-12.46,,12,4,,10,3,,8,10,,2621,2543,,1290,883,2080,.425,231,700,.330,546,780,.700,396,1239,488,213,114,444,674
25,Binghamton,31,11,20,.355,-10.27,-6.34,,2,14,,7,7,,3,12,,2147,2181,,1245,780,1750,.446,235,616,.381,386,545,.708,278,1085,430,177,83,372,495
26,Boise State,32,23,9,.719,11.21,3.05,,13,5,,15,1,,6,6,,2502,2210,,1300,794,1859,.427,223,681,.327,399,551,.724,203,972,407,194,98,380,568
27,Boston College,35,19,16,.543,9.00,7.20,,7,11,,14,3,,2,11,,2673,2610,,1415,938,2109,.445,309,855,.361,425,571,.744,336,1212,483,197,108,435,614
28,Boston University,31,15,16,.484,-8.33,-5.83,,10,8,,6,7,,9,9,,2186,2226,,1240,793,1762,.450,252,711,.354,388,533,.728,303,1041,411,198,93,427,541
29,Bowling Green State,32,16,16,.500,-6.38,-2.88,,7,11,,9,6,,6,9,,2429,2490,,1305,893,1949,.458,261,709,.368,443,614,.721,302,1168,457,200,114,404,653
30,Bradley,33,20,13,.606,2.07,0.35,,9,9,,13,2,,4,9,,2223,2136,,1320,716,1768,.405,243,737,.330,461,627,.735,326,1094,430,209,87,447,627
31,Brigham Young,35,24,11,.686,8.05,1.53,,11,7,,13,3,,7,6,,2600,2372,,1415,878,1955,.449,251,746,.336,365,556,.656,263,1100,454,212,101,444,639
32,Brown,27,11,16,.407,-7.78,-4.67,,4,10,,8,5,,3,11,,2080,2133,,1100,741,1558,.476,205,557,.368,446,631,.707,247,959,366,182,126,388,562
33,Bryant,31,3,28,.097,-18.75,-5.42,,2,16,,1,11,,2,17,,2169,2582,,1245,921,1867,.493,308,760,.405,432,616,.701,354,1236,500,202,132,394,528
34,Bucknell NCAA,35,25,10,.714,4.49,-3.46,,16,2,,15,1,,10,8,,2837,2559,,1420,911,2138,.426,224,677,.331,513,738,.695,360,1240,448,231,116,438,742
35,Buffalo NCAA,36,27,9,.750,7.99,0.25,,15,3,,14,1,,8,5,,3047,2742,,1455,936,2179,.430,239,728,.328,631,860,.734,389,1313,415,207,135,496,657
36,Butler NCAA,35,21,14,.600,16.92,10.55,,9,9,,14,3,,3,7,,2763,2540,,1430,877,1954,.449,274,735,.373,512,689,.743,278,1137,440,179,120,484,586
37,Cal Poly,31,9,22,.290,-11.56,-1.83,,4,12,,7,6,,1,13,,2082,2302,,1270,816,1790,.456,228,594,.384,442,593,.745,307,1143,448,182,111,347,491
38,Cal State Bakersfield,30,12,18,.400,-6.58,-0.73,,5,9,,8,4,,3,12,,1981,2068,,1200,679,1597,.425,244,693,.352,466,664,.702,291,1009,392,180,82,407,576
39,Cal State Fullerton NCAA,32,20,12,.625,-0.93,-1.03,,10,6,,9,4,,7,7,,2318,2245,,1290,768,1861,.413,220,635,.346,489,647,.756,320,1074,396,180,114,413,627
40,Cal State Northridge,30,6,24,.200,-13.50,-3.53,,3,13,,4,9,,2,13,,1983,2206,,1215,801,1726,.464,194,544,.357,410,567,.723,323,1104,428,176,110,333,487
41,UC-Davis,33,22,11,.667,0.87,-1.84,,12,4,,10,2,,9,7,,2388,2241,,1360,768,1806,.425,221,683,.324,484,658,.736,330,1134,419,207,113,506,664
42,UC-Irvine,35,18,17,.514,-0.22,-0.34,,11,5,,7,5,,7,10,,2440,2350,,1410,781,2006,.389,229,699,.328,559,803,.696,332,1180,398,190,96,367,605
43,UC-Riverside,31,9,22,.290,-8.50,-1.54,,4,12,,6,8,,3,13,,2024,2163,,1245,735,1776,.414,233,707,.330,460,663,.694,351,1195,409,209,104,432,586
44,UC-Santa Barbara,32,23,9,.719,2.10,-3.37,,11,5,,12,2,,9,6,,2425,2211,,1285,803,1863,.431,228,661,.345,377,538,.701,296,1081,443,116,81,368,567
45,University of California,32,8,24,.250,-3.40,6.05,,2,16,,5,12,,3,8,,2166,2483,,1285,852,1807,.471,282,706,.399,497,689,.721,316,1116,514,193,128,443,631
46,Campbell,34,18,16,.529,-5.68,-6.68,,10,8,,14,4,,4,11,,2581,2412,,1370,861,1933,.445,235,694,.339,455,633,.719,308,1151,425,209,92,427,574
47,Canisius,33,21,12,.636,0.44,-4.80,,15,3,,11,3,,8,8,,2519,2346,,1325,818,1825,.448,207,645,.321,503,686,.733,334,1121,386,174,84,500,571
48,Central Arkansas,35,18,17,.514,-5.83,-5.97,,10,8,,9,5,,8,11,,2819,2766,,1425,975,2183,.447,252,700,.360,564,834,.676,445,1405,500,251,107,509,688
49,Central Connecticut State,32,14,18,.438,-11.62,-7.59,,7,11,,8,4,,6,14,,2171,2300,,1305,816,1860,.439,276,758,.364,392,560,.700,319,1029,425,218,78,360,562
50,Central Florida,32,19,13,.594,4.76,3.76,,9,9,,12,4,,5,6,,2007,1975,,1285,718,1790,.401,201,608,.331,338,469,.721,321,1085,401,202,122,394,624
51,Central Michigan,36,21,15,.583,-1.39,-3.24,,7,11,,12,5,,6,9,,2835,2661,,1465,966,2173,.445,318,913,.348,411,567,.725,378,1269,490,202,130,465,652
52,Charleston Southern,31,15,16,.484,-8.16,-6.16,,9,9,,9,6,,6,10,,2232,2133,,1260,714,1644,.434,284,742,.383,421,559,.753,273,1021,410,184,98,484,518
53,Charlotte,29,6,23,.207,-10.13,0.27,,2,16,,4,11,,2,12,,2066,2317,,1165,842,1762,.478,231,625,.370,402,566,.710,289,1044,412,222,103,370,551
54,Chattanooga,33,10,23,.303,-11.09,-4.05,,3,15,,8,8,,1,14,,2289,2424,,1345,902,1880,.480,228,649,.351,392,525,.747,283,1105,442,236,115,430,640
55,Chicago State,32,3,29,.094,-21.53,1.17,,1,13,,3,8,,0,19,,2171,2756,,1280,949,1908,.497,295,743,.397,563,797,.706,363,1250,583,208,145,454,607
56,Cincinnati NCAA,36,31,5,.861,20.25,3.53,,16,2,,15,1,,9,2,,2673,2071,,1440,739,1974,.374,231,747,.309,362,529,.684,361,1127,361,179,106,514,654
57,The Citadel,32,11,21,.344,-13.64,-2.95,,5,13,,7,8,,3,12,,2639,2819,,1290,1020,2123,.480,331,913,.363,448,619,.724,393,1382,617,246,135,542,595
58,Clemson NCAA,35,25,10,.714,17.16,9.25,,11,7,,15,1,,4,6,,2584,2307,,1410,826,2033,.406,268,761,.352,387,552,.701,332,1172,401,199,126,413,617
59,Cleveland State,35,12,23,.343,-10.82,-3.64,,6,12,,7,7,,2,15,,2402,2613,,1410,936,2052,.456,289,813,.355,452,633,.714,390,1335,528,184,115,490,588
60,Coastal Carolina,32,14,18,.438,-3.94,-2.42,,8,10,,7,9,,5,7,,2298,2241,,1290,736,1819,.405,276,809,.341,493,680,.725,315,1053,419,224,69,384,620
61,Colgate,33,19,14,.576,-4.85,-5.72,,12,6,,13,3,,6,11,,2394,2315,,1320,831,1836,.453,270,735,.367,383,520,.737,285,1128,437,169,101,431,560
62,College of Charleston NCAA,34,26,8,.765,1.83,-3.29,,14,4,,14,0,,7,6,,2536,2331,,1385,824,1907,.432,239,694,.344,444,602,.738,321,1149,410,140,110,403,617
63,Colorado State,32,11,21,.344,-3.86,3.79,,4,14,,8,8,,3,10,,2314,2537,,1295,879,1918,.458,302,842,.359,477,677,.705,321,1166,503,199,82,406,621
64,Colorado,32,17,15,.531,6.06,7.00,,8,10,,12,3,,1,10,,2307,2337,,1295,808,1909,.423,265,743,.357,456,649,.703,312,1091,370,235,128,339,594
65,Columbia,27,8,19,.296,-5.63,-3.02,,5,9,,7,5,,1,14,,2062,2085,,1090,723,1608,.450,269,715,.376,370,505,.733,275,1000,405,163,72,354,432
66,Connecticut,32,14,18,.438,1.08,6.05,,7,11,,11,5,,2,9,,2181,2340,,1300,804,1856,.433,288,791,.364,444,629,.706,371,1176,440,163,97,400,543
67,Coppin State,32,5,27,.156,-20.96,-7.24,,5,11,,4,6,,1,20,,1945,2384,,1305,810,1897,.427,247,732,.337,517,713,.725,379,1332,449,181,102,404,494
68,Cornell,28,12,16,.429,-8.80,-3.24,,6,8,,8,4,,4,11,,2124,2250,,1150,809,1785,.453,258,663,.389,374,516,.725,316,1042,407,186,101,320,529
69,Creighton NCAA,33,21,12,.636,16.35,8.10,,10,8,,16,2,,4,7,,2756,2444,,1330,907,2093,.433,261,785,.332,369,512,.721,303,1160,460,200,99,387,529
70,Dartmouth,27,7,20,.259,-10.31,-4.00,,3,11,,6,6,,1,14,,1841,1970,,1085,724,1552,.466,220,631,.349,302,386,.782,233,901,378,167,78,337,458
71,Davidson NCAA,33,21,12,.636,11.02,2.57,,13,5,,11,1,,6,8,,2519,2240,,1335,802,1826,.439,266,761,.350,370,540,.685,258,1042,417,158,83,352,525
72,Dayton,31,14,17,.452,1.64,2.71,,8,10,,12,4,,1,10,,2244,2277,,1260,824,1755,.470,262,684,.383,367,513,.715,277,980,457,186,74,388,540
73,Delaware State,32,4,28,.125,-24.57,-9.30,,2,14,,4,9,,0,18,,2034,2458,,1300,846,1822,.464,313,813,.385,454,646,.703,367,1146,478,240,106,410,488
74,Delaware,33,14,19,.424,-6.93,-2.96,,6,12,,7,8,,4,10,,2338,2428,,1330,869,1909,.455,274,740,.370,416,574,.725,297,1139,453,176,99,338,605
75,Denver,30,15,15,.500,-5.21,-2.53,,8,6,,10,4,,3,9,,2192,2189,,1220,746,1719,.434,250,746,.335,447,618,.723,250,929,330,199,87,335,554
76,DePaul,31,11,20,.355,6.55,8.45,,4,14,,6,10,,4,7,,2230,2289,,1245,787,1788,.440,286,770,.371,429,578,.742,303,1083,463,219,93,447,557
77,Detroit Mercy,32,8,24,.250,-12.47,-2.07,,4,14,,5,11,,2,11,,2516,2743,,1285,959,1989,.482,298,751,.397,527,743,.709,356,1230,525,210,140,434,582
78,Drake,34,17,17,.500,-0.51,0.58,,10,8,,11,3,,4,11,,2506,2495,,1390,937,2076,.451,264,784,.337,357,504,.708,322,1235,509,203,122,413,590
79,Drexel,33,13,20,.394,-7.20,-2.48,,6,12,,9,5,,2,11,,2454,2591,,1340,948,2054,.462,246,672,.366,449,636,.706,371,1204,472,217,108,374,605
80,Duke NCAA,37,29,8,.784,24.43,9.70,,13,5,,15,1,,6,5,,3121,2576,,1490,957,2364,.405,279,871,.320,383,526,.728,432,1216,537,210,97,453,671
81,Duquesne,32,16,16,.500,-1.08,-3.33,,7,11,,13,6,,2,7,,2317,2245,,1310,803,1771,.453,192,573,.335,447,645,.693,309,1094,451,171,95,401,560
82,East Carolina,30,10,20,.333,-8.72,-0.22,,4,14,,8,11,,2,8,,1993,2248,,1215,818,1808,.452,225,637,.353,385,562,.685,350,1108,476,199,102,360,482
83,East Tennessee State,34,25,9,.735,3.72,-4.09,,14,4,,12,4,,11,4,,2556,2241,,1360,778,1929,.403,250,783,.319,435,622,.699,352,1128,375,207,108,500,599
84,Eastern Illinois,31,12,19,.387,-8.33,-3.40,,7,11,,7,6,,4,12,,2065,2120,,1245,740,1696,.436,246,643,.383,394,551,.715,308,1070,416,194,99,410,517
85,Eastern Kentucky,31,11,20,.355,-10.57,-3.68,,5,13,,6,7,,5,12,,2230,2371,,1245,849,1801,.471,256,654,.391,417,619,.674,327,1106,475,217,106,412,556
86,Eastern Michigan,35,22,13,.629,-0.23,-2.81,,11,7,,14,3,,7,9,,2509,2339,,1415,814,2013,.404,278,792,.351,433,599,.723,411,1244,516,240,107,506,591
87,Eastern Washington,35,20,15,.571,-0.03,-1.54,,13,5,,11,1,,6,12,,2619,2520,,1410,884,1983,.446,241,673,.358,511,711,.719,289,1181,464,192,77,413,594
88,Elon,32,14,18,.438,-6.89,-1.69,,6,12,,8,5,,4,12,,2346,2437,,1320,892,2037,.438,332,901,.368,321,458,.701,341,1224,420,208,95,327,498
89,Evansville,32,17,15,.531,0.68,1.35,,7,11,,15,3,,2,10,,2094,2045,,1285,712,1696,.420,246,728,.338,375,545,.688,278,1025,400,229,136,437,594
90,Fairfield,33,17,16,.515,-4.98,-3.68,,9,9,,10,3,,3,10,,2506,2549,,1345,886,1946,.455,271,690,.393,506,716,.707,317,1243,422,198,91,457,597
91,Fairleigh Dickinson,31,13,18,.419,-10.41,-5.66,,9,9,,8,5,,5,13,,2313,2350,,1240,812,1851,.439,250,705,.355,476,639,.745,382,1144,454,207,89,451,564
92,Florida A&M,34,9,25,.265,-19.21,-8.33,,7,9,,6,4,,2,20,,2343,2684,,1385,963,2027,.475,243,697,.349,515,727,.708,426,1329,475,213,111,458,593
93,Florida Atlantic,31,12,19,.387,-5.35,-0.14,,6,12,,7,7,,4,10,,2155,2172,,1245,788,1827,.431,192,584,.329,404,583,.693,303,1167,371,201,89,393,466
94,Florida Gulf Coast,35,23,12,.657,1.94,-5.44,,12,2,,14,6,,9,6,,2847,2515,,1400,884,2092,.423,267,818,.326,480,712,.674,358,1151,452,245,96,494,620
95,Florida International,32,14,18,.438,-4.30,-1.99,,8,10,,11,7,,3,9,,2262,2278,,1310,799,1841,.434,240,709,.339,440,643,.684,321,1257,431,155,112,467,563
96,Florida State NCAA,35,23,12,.657,15.78,8.50,,9,9,,13,2,,4,7,,2806,2551,,1420,887,2129,.417,285,802,.355,492,689,.714,383,1228,432,204,104,494,658
97,Florida NCAA,34,21,13,.618,16.66,10.08,,11,7,,12,5,,5,4,,2577,2353,,1375,832,1946,.428,229,650,.352,460,629,.731,362,1273,394,150,105,468,607
98,Fordham,31,9,22,.290,-6.74,1.26,,4,14,,8,9,,1,10,,1931,2179,,1250,806,1738,.464,205,584,.351,362,528,.686,334,1193,496,179,100,440,455
99,Fresno State,32,21,11,.656,8.17,1.84,,11,7,,12,5,,8,5,,2459,2201,,1295,749,1725,.434,220,601,.366,483,658,.734,254,1001,378,158,96,432,646
100,Furman,33,23,10,.697,4.43,-3.64,,13,5,,13,3,,7,6,,2619,2260,,1325,825,1905,.433,224,708,.316,386,550,.702,319,1152,402,178,105,489,539
101,Gardner-Webb,32,14,18,.438,-9.70,-3.81,,9,9,,11,2,,3,13,,2258,2307,,1300,798,1839,.434,256,752,.340,455,639,.712,295,1109,465,223,108,404,486
102,George Mason,33,16,17,.485,-2.97,0.85,,9,9,,10,7,,5,7,,2371,2497,,1345,899,1994,.451,278,788,.353,421,614,.686,322,1173,465,210,141,376,584
103,George Washington,33,15,18,.455,-0.72,2.13,,7,11,,13,5,,1,10,,2225,2319,,1320,857,1891,.453,229,642,.357,376,532,.707,330,1084,441,215,81,374,527
104,Georgetown,30,15,15,.500,7.16,5.29,,5,13,,11,8,,4,6,,2350,2294,,1235,821,1870,.439,259,744,.348,393,529,.743,289,1009,459,213,103,377,570
105,Georgia Southern,33,21,12,.636,-0.54,-3.28,,11,7,,10,3,,8,7,,2504,2315,,1325,816,1916,.426,245,758,.323,438,661,.663,383,1272,394,140,121,486,677
106,Georgia State NCAA,35,24,11,.686,3.22,-2.78,,12,6,,11,3,,9,6,,2614,2356,,1415,771,1963,.393,307,901,.341,507,727,.697,416,1296,457,174,117,501,577
107,Georgia Tech,32,13,19,.406,5.25,7.46,,6,12,,12,7,,1,10,,2101,2172,,1285,768,1791,.429,227,599,.379,407,569,.715,331,1082,457,203,104,403,543
108,Georgia,33,18,15,.545,10.24,8.87,,7,11,,11,4,,4,9,,2247,2202,,1340,778,1975,.394,247,743,.332,399,547,.729,363,1124,347,195,103,318,665
109,Gonzaga NCAA,37,32,5,.865,18.44,2.60,,17,1,,15,1,,10,1,,3091,2505,,1500,890,2178,.409,272,777,.350,453,633,.716,316,1160,411,190,101,455,681
110,Grambling,31,17,14,.548,-12.97,-10.30,,13,5,,6,4,,11,10,,2257,2321,,1250,792,1820,.435,209,657,.318,528,778,.679,357,1160,398,202,143,465,649
111,Grand Canyon,34,22,12,.647,3.78,-4.80,,9,5,,16,3,,3,7,,2512,2213,,1370,767,1906,.402,161,580,.278,518,734,.706,357,1238,328,203,81,511,746
112,Green Bay,33,13,20,.394,-8.51,-4.08,,7,11,,10,6,,2,13,,2517,2499,,1330,899,2087,.431,253,811,.312,448,631,.710,372,1307,450,229,143,450,623
113,Hampton,34,18,16,.529,-9.37,-9.56,,11,4,,11,3,,5,11,,2703,2603,,1370,913,2175,.420,258,786,.328,519,761,.682,409,1323,454,196,121,438,643
114,Hartford,33,19,14,.576,-5.54,-5.26,,11,5,,9,7,,9,6,,2326,2318,,1325,820,1869,.439,262,767,.342,416,622,.669,322,1149,453,194,98,407,561
115,Harvard,32,18,14,.563,-0.28,-1.70,,12,2,,10,2,,6,11,,2182,2129,,1305,725,1718,.422,233,682,.342,446,606,.736,250,1030,395,214,79,405,545
116,Hawaii,30,17,13,.567,-2.33,-2.51,,8,8,,13,7,,4,5,,2104,2071,,1215,714,1618,.441,196,590,.332,447,619,.722,232,965,299,187,87,423,638
117,High Point,30,14,16,.467,-6.75,-6.38,,9,9,,11,4,,3,11,,2126,1993,,1205,674,1581,.426,210,611,.344,435,593,.734,283,976,330,190,132,441,512
118,Hofstra,31,19,12,.613,-0.53,-1.60,,12,6,,9,4,,9,4,,2464,2397,,1245,874,1831,.477,237,653,.363,412,586,.703,282,1042,432,185,90,362,608
119,Holy Cross,31,12,19,.387,-9.92,-5.82,,8,10,,6,7,,6,10,,1972,2099,,1250,713,1653,.431,260,735,.354,413,561,.736,330,1074,425,196,66,399,469
120,Houston Baptist,31,6,25,.194,-16.14,-3.97,,2,16,,5,8,,1,16,,2382,2617,,1250,912,1895,.481,271,687,.394,522,687,.760,313,1177,509,200,164,456,627
121,Houston NCAA,35,27,8,.771,15.99,4.16,,14,4,,15,0,,6,5,,2685,2271,,1400,744,1887,.394,231,715,.323,552,785,.703,320,1126,386,175,92,457,648
122,Howard,33,10,23,.303,-17.26,-9.74,,7,9,,7,4,,2,18,,2449,2654,,1345,931,1992,.467,251,719,.349,541,773,.700,424,1313,518,186,104,465,646
123,Idaho State,30,14,16,.467,-5.76,-3.69,,9,9,,9,5,,5,10,,2211,2232,,1200,816,1789,.456,208,616,.338,392,555,.706,286,1041,353,177,86,358,587
124,Idaho,31,22,9,.710,0.82,-3.94,,14,4,,11,2,,9,4,,2330,2134,,1245,746,1781,.419,261,754,.346,381,535,.712,264,939,365,164,68,342,572
125,Illinois-Chicago,36,20,16,.556,-2.91,-4.21,,12,6,,11,7,,9,8,,2708,2597,,1445,919,2265,.406,245,766,.320,514,744,.691,420,1335,543,258,139,465,673
126,Illinois State,33,18,15,.545,1.07,3.67,,10,8,,11,3,,3,10,,2364,2418,,1350,828,1944,.426,240,771,.311,522,738,.707,382,1288,470,213,104,426,589
127,Illinois,32,14,18,.438,8.50,7.53,,4,14,,12,6,,1,10,,2426,2362,,1295,788,1669,.472,200,582,.344,586,802,.731,295,1063,410,203,150,543,654
128,Incarnate Word,28,7,21,.250,-17.71,-5.04,,2,16,,6,9,,1,12,,1978,2163,,1120,775,1746,.444,212,584,.363,401,565,.710,365,1076,378,210,114,385,552
129,Indiana State,31,13,18,.419,1.53,2.43,,8,10,,8,7,,5,7,,2248,2253,,1275,760,1714,.443,225,633,.355,508,706,.720,253,1074,384,209,121,439,591
130,Indiana,31,16,15,.516,9.89,8.25,,9,9,,12,6,,3,8,,2229,2178,,1255,773,1752,.441,235,640,.367,397,564,.704,315,1055,404,201,124,417,587
131,Iona NCAA,34,20,14,.588,0.75,-2.19,,11,7,,8,3,,7,8,,2702,2602,,1385,969,2102,.461,267,745,.358,397,602,.659,379,1280,505,172,95,464,577
132,Iowa State,31,13,18,.419,6.88,9.49,,4,14,,9,7,,0,10,,2258,2339,,1250,856,1936,.442,261,769,.339,366,513,.713,353,1158,445,185,107,356,553
133,Iowa,33,14,19,.424,8.13,7.13,,4,14,,9,6,,1,10,,2630,2597,,1330,953,2061,.462,284,755,.376,407,579,.703,338,1092,537,232,97,365,645
134,Purdue-Fort Wayne,33,18,15,.545,-1.48,-3.24,,7,7,,13,3,,4,10,,2716,2535,,1325,924,1999,.462,266,752,.354,421,568,.741,286,1176,431,174,73,500,582
135,IUPUI,30,11,19,.367,-9.82,-3.53,,8,10,,9,4,,2,14,,2047,2180,,1205,759,1614,.470,211,608,.347,451,612,.737,275,1022,408,224,127,441,524
136,Jackson State,32,12,20,.375,-17.66,-10.50,,9,9,,9,2,,2,17,,1991,2161,,1295,719,1599,.450,205,591,.347,518,736,.704,311,1202,380,152,102,474,508
137,Jacksonville State,36,23,13,.639,-0.30,-4.87,,11,7,,12,4,,9,8,,2587,2369,,1450,821,2016,.407,275,836,.329,452,642,.704,336,1169,417,228,93,473,627
138,Jacksonville,33,15,18,.455,-13.39,-6.12,,8,6,,10,6,,3,12,,2405,2482,,1345,907,2043,.444,247,790,.313,421,571,.737,342,1219,442,224,119,465,582
139,James Madison,32,10,22,.313,-5.47,-2.15,,6,12,,7,7,,3,11,,2341,2414,,1310,811,1804,.450,260,711,.366,532,745,.714,309,1158,458,186,107,426,603
140,Kansas State NCAA,37,25,12,.676,12.85,8.74,,10,8,,14,3,,6,5,,2630,2478,,1485,842,1980,.425,261,791,.330,533,728,.732,386,1259,459,208,91,533,673
141,Kansas NCAA,39,31,8,.795,21.39,11.88,,13,5,,14,3,,8,3,,3174,2803,,1565,1031,2419,.426,315,947,.333,424,595,.713,453,1371,500,216,138,501,656
142,Kennesaw State,30,10,20,.333,-11.17,-4.31,,6,8,,8,6,,2,14,,2182,2328,,1205,862,1802,.478,200,613,.326,404,566,.714,327,1057,443,190,86,402,518
143,Kent State,34,17,17,.500,-3.73,-1.76,,9,9,,13,3,,2,11,,2482,2502,,1370,892,1998,.446,248,735,.337,470,656,.716,352,1194,468,190,106,438,632
144,Kentucky NCAA,37,26,11,.703,17.24,10.73,,10,8,,16,2,,4,6,,2840,2599,,1485,905,2242,.404,287,955,.301,502,725,.692,437,1240,472,212,134,436,761
145,La Salle,32,13,19,.406,1.70,2.54,,7,11,,10,4,,2,10,,2333,2360,,1315,839,1858,.452,241,633,.381,441,627,.703,281,1136,376,201,94,397,554
146,Lafayette,31,10,21,.323,-9.77,-6.04,,7,11,,8,6,,2,14,,2207,2307,,1245,856,1886,.454,247,716,.345,348,498,.699,301,1088,391,184,94,318,543
147,Lamar,33,19,14,.576,-5.19,-7.23,,11,7,,11,4,,8,7,,2500,2296,,1340,809,1809,.447,215,629,.342,463,669,.692,306,1179,433,185,127,553,658
148,Lehigh,30,16,14,.533,-6.41,-5.65,,11,7,,9,6,,7,8,,2336,2333,,1230,828,1849,.448,281,815,.345,396,563,.703,291,1079,476,193,100,356,459
149,Liberty,37,22,15,.595,-2.68,-6.24,,9,9,,13,7,,7,6,,2621,2353,,1510,790,1899,.416,316,864,.366,457,626,.730,237,1096,431,218,89,454,636
150,Lipscomb NCAA,33,23,10,.697,-2.10,-3.80,,10,4,,13,2,,10,7,,2708,2564,,1340,898,2002,.449,249,730,.341,519,751,.691,292,1169,444,233,144,511,712
151,Cal State Long Beach,33,15,18,.455,-3.76,0.89,,9,7,,8,5,,6,10,,2485,2586,,1330,955,2040,.468,255,699,.365,421,558,.754,347,1137,498,253,110,449,664
152,Long Island University NCAA,35,18,17,.514,-8.60,-8.19,,10,8,,12,4,,5,11,,2696,2674,,1405,973,2209,.440,242,743,.326,486,702,.692,401,1275,458,232,91,423,714
153,Longwood,33,7,26,.212,-18.31,-4.31,,3,15,,5,11,,2,13,,2088,2445,,1320,856,1938,.442,263,804,.327,470,650,.723,363,1244,428,256,97,419,552
154,Louisiana,34,27,7,.794,7.58,-2.55,,16,2,,14,1,,10,4,,2829,2408,,1365,849,1958,.434,212,631,.336,498,721,.691,329,1099,367,197,105,506,637
155,Louisiana-Monroe,32,16,16,.500,-6.28,-3.31,,9,9,,12,4,,3,11,,2235,2187,,1290,771,1796,.429,266,774,.344,379,536,.707,310,1108,463,165,125,422,464
156,Louisiana State,33,18,15,.545,10.93,8.02,,8,10,,14,4,,3,8,,2559,2463,,1325,875,1922,.455,277,785,.353,436,626,.696,361,1130,418,186,113,450,593
157,Louisiana Tech,33,17,16,.515,1.33,-0.12,,7,11,,11,5,,2,10,,2468,2331,,1325,838,1900,.441,230,635,.362,425,600,.708,330,1155,438,185,113,427,605
158,Louisville,36,22,14,.611,14.30,9.07,,9,9,,16,6,,4,7,,2721,2533,,1460,913,2208,.413,249,757,.329,456,646,.706,438,1331,404,217,115,482,609
159,Loyola (IL) NCAA,38,32,6,.842,10.37,1.80,,15,3,,14,1,,9,4,,2721,2377,,1520,877,2118,.414,254,786,.323,369,523,.706,335,1158,439,252,119,484,627
160,Loyola Marymount,31,11,20,.355,-4.34,1.09,,5,13,,7,7,,3,12,,2226,2369,,1250,817,1645,.497,238,626,.380,497,687,.723,277,996,501,187,147,416,557
161,Loyola (MD),31,9,22,.290,-12.71,-5.25,,6,12,,8,6,,1,16,,2154,2326,,1255,805,1714,.470,226,628,.360,490,674,.727,265,1064,404,188,152,414,559
162,Maine,32,6,26,.188,-14.64,-3.27,,3,13,,4,8,,2,16,,2140,2408,,1295,833,1894,.440,255,755,.338,487,685,.711,348,1236,444,236,112,434,526
163,Manhattan,31,14,17,.452,-5.04,-4.13,,9,9,,8,3,,5,8,,2147,2175,,1260,735,1681,.437,214,620,.345,491,689,.713,335,1045,435,241,69,458,637
164,Marist,31,6,25,.194,-12.48,-3.57,,4,14,,4,9,,2,10,,2239,2515,,1260,896,1976,.453,287,778,.369,436,589,.740,342,1139,472,227,93,332,570
165,Marquette,35,21,14,.600,12.50,9.70,,9,9,,13,7,,5,5,,2846,2748,,1415,960,2010,.478,244,679,.359,584,782,.747,334,1160,523,206,93,450,593
166,Marshall NCAA,36,25,11,.694,4.21,0.44,,12,6,,15,2,,6,8,,3017,2849,,1455,1059,2399,.441,265,747,.355,466,684,.681,458,1466,539,239,95,515,675
167,Maryland-Baltimore County NCAA,36,25,11,.694,-2.02,-3.84,,12,4,,15,2,,9,7,,2630,2466,,1440,883,2012,.439,282,819,.344,418,618,.676,339,1289,458,238,96,529,678
168,Maryland-Eastern Shore,32,7,25,.219,-24.63,-7.56,,3,13,,6,5,,0,18,,1992,2473,,1280,882,1879,.469,271,750,.361,438,616,.711,373,1261,525,198,108,355,525
169,Maryland,32,19,13,.594,13.78,7.94,,8,10,,15,3,,2,8,,2338,2140,,1285,781,1909,.409,244,723,.337,334,452,.739,334,994,408,214,113,351,587
170,Massachusetts-Lowell,30,12,18,.400,-9.53,-5.77,,6,10,,9,7,,3,11,,2286,2356,,1205,862,1772,.486,216,584,.370,416,589,.706,318,1091,424,211,99,439,621
171,Massachusetts,33,13,20,.394,-1.65,1.10,,5,13,,11,6,,1,11,,2374,2465,,1350,879,1927,.456,227,654,.347,480,640,.750,330,1132,526,209,109,375,504
172,McNeese State,29,12,17,.414,-12.06,-6.10,,8,10,,7,5,,5,12,,2184,2209,,1170,805,1878,.429,216,627,.344,383,562,.681,361,1118,407,187,86,357,532
173,Memphis,34,21,13,.618,1.81,2.16,,10,8,,14,5,,5,5,,2408,2420,,1380,841,1947,.432,296,801,.370,442,630,.702,395,1118,502,248,117,433,701
174,Mercer,34,19,15,.559,-0.87,-3.50,,11,7,,11,3,,7,9,,2561,2373,,1380,812,1859,.437,317,893,.355,432,601,.719,275,996,502,202,119,397,626
175,Miami (FL) NCAA,32,22,10,.688,12.83,6.96,,11,7,,11,3,,8,4,,2361,2173,,1290,794,1841,.431,215,655,.328,368,517,.712,314,1088,423,182,108,412,526
176,Miami (OH),34,16,18,.471,-3.56,-1.15,,8,10,,9,5,,6,11,,2449,2404,,1390,881,2002,.440,246,749,.328,396,559,.708,305,1174,404,217,120,433,520
177,Michigan State NCAA,35,30,5,.857,22.41,7.10,,16,2,,16,1,,8,1,,2807,2271,,1405,774,2108,.367,252,748,.337,471,647,.728,369,1058,419,207,88,349,698
178,Michigan NCAA,41,33,8,.805,19.03,9.41,,13,5,,15,1,,6,5,,3019,2596,,1655,948,2227,.426,222,676,.328,478,663,.721,341,1353,412,172,129,530,729
179,Middle Tennessee,33,25,8,.758,10.29,2.83,,16,2,,12,2,,12,2,,2479,2188,,1330,738,1713,.431,202,643,.314,510,714,.714,240,1003,385,184,88,438,566
180,Milwaukee,33,16,17,.485,-4.15,-4.25,,8,10,,9,7,,6,9,,2259,2260,,1330,811,1865,.435,263,698,.377,375,504,.744,264,1108,408,192,134,406,547
181,Minnesota,32,15,17,.469,7.00,6.91,,4,14,,11,6,,2,9,,2405,2402,,1295,876,2000,.438,268,714,.375,382,542,.705,355,1223,502,177,152,364,594
182,Mississippi State,37,25,12,.676,11.71,6.82,,9,9,,19,2,,4,8,,2716,2507,,1490,902,2160,.418,274,825,.332,429,626,.685,410,1264,446,201,116,498,610
183,Mississippi Valley State,32,4,28,.125,-21.41,-8.13,,4,14,,3,6,,1,21,,2075,2500,,1300,862,1823,.473,275,747,.368,501,715,.701,344,1273,489,194,171,445,556
184,Mississippi,32,12,20,.375,6.85,9.16,,5,13,,10,8,,1,10,,2426,2500,,1300,852,1933,.441,288,761,.378,508,713,.712,361,1230,531,180,116,397,612
185,Kansas City,32,10,22,.313,-10.19,-1.02,,5,9,,6,8,,3,11,,2251,2447,,1285,840,1850,.454,227,643,.353,540,769,.702,359,1295,438,171,115,481,588
186,Missouri State,33,18,15,.545,3.06,0.43,,7,11,,10,5,,4,8,,2313,2197,,1325,779,1898,.410,231,697,.331,408,565,.722,301,1085,381,180,106,326,537
187,Missouri NCAA,33,20,13,.606,13.81,9.19,,10,8,,13,3,,5,6,,2399,2246,,1330,795,1949,.408,231,706,.327,425,586,.725,343,1079,376,217,117,365,649
188,Monmouth,31,11,20,.355,-2.41,-1.25,,7,11,,6,6,,4,12,,2336,2372,,1280,781,1805,.433,292,825,.354,518,750,.691,308,1071,415,211,120,413,657
189,Montana State,32,13,19,.406,-8.69,-3.52,,6,12,,8,6,,3,12,,2434,2524,,1295,897,1884,.476,247,701,.352,483,684,.706,287,1165,412,189,106,425,658
190,Montana NCAA,34,26,8,.765,6.29,-2.24,,16,2,,14,0,,8,6,,2625,2329,,1380,784,1825,.430,209,584,.358,552,764,.723,295,1102,343,168,129,522,674
191,Morehead State,29,8,21,.276,-10.65,-1.91,,4,14,,7,6,,1,15,,2043,2204,,1165,765,1634,.468,233,661,.352,441,635,.694,282,983,461,196,103,407,564
192,Morgan State,31,13,18,.419,-15.11,-11.98,,7,8,,8,2,,3,15,,2273,2338,,1260,791,1772,.446,239,687,.348,517,736,.702,334,1126,449,194,119,463,665
193,Mount St. Mary's,32,18,14,.563,-8.13,-8.03,,12,6,,12,3,,6,11,,2331,2301,,1295,842,1870,.450,243,700,.347,374,509,.735,375,1204,434,187,77,438,533
194,Murray State NCAA,32,26,6,.813,6.87,-3.53,,16,2,,14,2,,10,3,,2515,2117,,1280,761,1841,.413,199,649,.307,396,547,.724,314,1005,322,173,105,402,579
195,Navy,32,20,12,.625,-6.91,-7.20,,11,7,,9,6,,9,6,,2199,2125,,1285,744,1645,.452,247,678,.364,390,549,.710,215,939,399,205,119,465,600
196,Omaha,31,9,22,.290,-9.88,0.33,,4,10,,8,4,,1,15,,2373,2588,,1260,951,1981,.480,276,739,.373,410,546,.751,318,1136,460,187,119,366,502
197,Nebraska,33,22,11,.667,10.99,7.33,,13,5,,16,1,,4,8,,2386,2265,,1325,856,2025,.423,192,597,.322,361,537,.672,430,1257,411,168,120,412,627
198,Nevada-Las Vegas,33,20,13,.606,7.20,1.87,,8,10,,13,6,,5,6,,2753,2577,,1345,951,2208,.431,248,704,.352,427,578,.739,401,1149,416,221,103,382,731
199,Nevada NCAA,37,29,8,.784,14.44,4.93,,15,3,,14,1,,11,3,,3055,2703,,1500,974,2248,.433,275,868,.317,480,677,.709,393,1347,480,165,105,474,710
200,New Hampshire,31,10,21,.323,-8.38,-4.31,,6,10,,8,7,,2,12,,2103,2085,,1240,712,1648,.432,212,639,.332,449,663,.677,217,1016,301,181,84,315,546
201,New Mexico State NCAA,34,28,6,.824,9.06,-1.10,,12,2,,14,1,,8,3,,2572,2183,,1365,763,1919,.398,222,715,.310,435,612,.711,282,1103,320,166,82,463,603
202,New Mexico,34,19,15,.559,5.81,3.30,,12,6,,13,4,,4,8,,2795,2641,,1365,931,1925,.484,228,603,.378,551,766,.719,334,1217,461,201,113,562,683
203,New Orleans,33,16,17,.485,-9.01,-5.78,,11,7,,10,3,,5,13,,2297,2322,,1325,822,1780,.462,226,609,.371,452,645,.701,321,1074,458,242,115,507,659
204,Niagara,33,19,14,.576,-4.84,-4.21,,12,6,,9,5,,10,7,,2748,2769,,1330,1012,2200,.460,289,761,.380,456,646,.706,395,1284,537,167,126,387,663
205,Nicholls State,32,21,11,.656,-3.54,-5.86,,15,3,,12,3,,9,7,,2641,2411,,1280,824,1868,.441,206,615,.335,557,820,.679,349,1155,412,223,118,552,599
206,NJIT,30,14,16,.467,-7.25,-5.53,,7,7,,10,7,,4,9,,2248,2197,,1210,795,1726,.461,206,572,.360,401,569,.705,287,1038,375,187,129,440,513
207,Norfolk State,33,14,19,.424,-12.99,-10.19,,11,5,,8,6,,5,11,,2399,2417,,1325,781,1870,.418,296,829,.357,559,789,.708,344,1177,476,180,113,495,595
208,North Carolina-Asheville,34,21,13,.618,-3.92,-3.58,,13,5,,14,2,,7,10,,2557,2499,,1385,884,1963,.450,260,759,.343,471,665,.708,311,1120,471,216,97,446,575
209,North Carolina A&T,35,20,15,.571,-12.58,-11.22,,11,5,,12,0,,5,13,,2623,2605,,1415,956,2093,.457,239,725,.330,454,661,.687,351,1215,482,205,107,463,692
210,North Carolina Central NCAA,35,19,16,.543,-13.18,-12.31,,9,7,,12,2,,3,13,,2520,2425,,1405,846,2030,.417,259,786,.330,474,663,.715,359,1168,462,181,105,423,546
211,North Carolina-Greensboro NCAA,35,27,8,.771,4.54,-3.87,,15,3,,16,1,,8,6,,2562,2189,,1430,729,1794,.406,229,727,.315,502,692,.725,264,1070,348,245,79,528,579
212,North Carolina State NCAA,33,21,12,.636,12.91,6.70,,11,7,,16,3,,4,5,,2682,2477,,1325,908,1952,.465,199,629,.316,462,657,.703,363,1164,457,205,131,487,599
213,North Carolina-Wilmington,32,11,21,.344,-7.52,-1.15,,7,11,,8,5,,2,11,,2542,2668,,1305,940,1970,.477,298,770,.387,490,707,.693,285,1151,447,182,93,374,614
214,North Carolina NCAA,37,26,11,.703,20.07,11.78,,11,7,,12,3,,6,5,,3018,2711,,1485,972,2297,.423,357,940,.380,410,597,.687,362,1216,541,228,176,433,657
215,North Dakota State,32,15,17,.469,-1.86,-1.58,,5,9,,8,6,,5,10,,2382,2264,,1285,799,1872,.427,223,646,.345,443,595,.745,273,1061,337,189,85,325,517
216,North Dakota,32,12,20,.375,-7.63,-0.19,,6,12,,7,6,,2,13,,2427,2612,,1305,942,1923,.490,251,671,.374,477,652,.732,314,1204,444,224,74,474,615
217,North Florida,33,14,19,.424,-11.40,-1.74,,7,7,,10,2,,4,17,,2668,2873,,1325,1120,2350,.477,230,673,.342,403,549,.734,452,1340,581,278,112,353,544
218,North Texas,38,20,18,.526,1.16,-0.40,,8,10,,14,6,,6,11,,2828,2703,,1540,922,2165,.426,263,803,.328,596,833,.715,328,1300,424,222,156,474,717
219,Northeastern,33,23,10,.697,3.64,-1.61,,14,4,,12,2,,9,5,,2472,2270,,1335,834,1861,.448,158,529,.299,444,599,.741,280,1035,345,200,81,412,589
220,Northern Arizona,32,5,27,.156,-14.67,-1.04,,2,16,,2,10,,3,14,,2100,2512,,1290,859,1828,.470,301,774,.389,493,666,.740,302,1161,489,231,112,434,657
221,Northern Colorado,38,26,12,.684,3.67,-2.27,,11,7,,14,3,,7,8,,3080,2776,,1535,1014,2279,.445,185,564,.328,561,818,.686,328,1360,384,203,107,497,734
222,Northern Illinois,32,13,19,.406,-6.71,-1.71,,6,12,,11,4,,1,13,,2319,2407,,1285,861,1866,.461,274,763,.359,411,592,.694,317,1117,470,155,131,401,569
223,Northern Iowa,32,16,16,.500,4.00,3.87,,7,11,,12,4,,1,9,,2056,1990,,1285,723,1740,.416,239,664,.360,305,422,.723,234,1055,346,195,109,356,564
224,Northern Kentucky,32,22,10,.688,4.83,-4.07,,15,3,,12,2,,8,6,,2486,2112,,1280,752,1840,.409,205,662,.310,403,576,.700,304,1058,359,180,113,450,547
225,Northwestern State,29,4,25,.138,-21.02,-4.18,,1,17,,1,11,,3,13,,1868,2264,,1160,789,1691,.467,218,591,.369,468,679,.689,322,1081,438,248,106,403,528
226,Northwestern,32,15,17,.469,9.63,8.37,,6,12,,11,6,,3,9,,2203,2127,,1290,729,1669,.437,227,636,.357,442,621,.712,278,1043,440,187,107,403,547
227,Notre Dame,36,21,15,.583,13.64,7.92,,8,10,,11,6,,5,7,,2698,2471,,1455,923,2176,.424,286,817,.350,339,480,.706,380,1243,507,182,135,397,570
228,Oakland,33,19,14,.576,-1.82,-3.76,,10,8,,11,4,,7,8,,2580,2516,,1330,931,2066,.451,237,635,.373,417,575,.725,350,1186,483,246,141,405,619
229,Ohio State NCAA,34,25,9,.735,17.67,9.02,,15,3,,16,2,,6,2,,2591,2297,,1375,811,1944,.417,272,775,.351,403,574,.702,302,1078,405,174,90,418,598
230,Ohio,31,14,17,.452,-2.52,-1.65,,7,11,,11,5,,2,10,,2334,2353,,1280,839,1943,.432,249,772,.323,426,567,.751,305,1200,389,189,109,415,551
231,Oklahoma State,36,21,15,.583,12.45,9.12,,8,10,,15,6,,3,7,,2757,2637,,1450,916,2094,.437,264,720,.367,541,745,.726,400,1292,466,224,104,521,681
232,Oklahoma NCAA,32,18,14,.563,13.81,10.56,,8,10,,13,2,,2,9,,2718,2614,,1295,964,2178,.443,293,810,.362,393,559,.703,383,1237,471,215,141,415,574
233,Old Dominion,32,25,7,.781,9.27,-1.27,,15,3,,12,2,,10,3,,2347,2010,,1290,707,1735,.407,241,713,.338,355,525,.676,294,1079,417,148,90,462,556
234,Oral Roberts,32,11,21,.344,-6.66,1.05,,5,9,,8,5,,3,14,,2332,2484,,1310,902,1940,.465,261,731,.357,419,586,.715,337,1122,531,200,116,350,526
235,Oregon State,32,16,16,.500,7.31,4.56,,7,11,,12,4,,1,9,,2339,2251,,1300,765,1771,.432,226,650,.348,495,677,.731,317,1030,382,199,110,408,630
236,Oregon,36,23,13,.639,10.70,4.84,,10,8,,16,3,,4,7,,2817,2606,,1460,881,2033,.433,285,801,.356,559,738,.757,325,1153,449,191,108,482,663
237,Pacific,32,14,18,.438,-0.55,1.80,,9,9,,8,8,,6,9,,2280,2316,,1290,798,1760,.453,257,707,.364,463,619,.748,287,1047,459,159,90,395,634
238,Penn State,39,26,13,.667,15.85,7.79,,9,9,,15,4,,6,7,,2915,2601,,1570,928,2182,.425,251,733,.342,494,700,.706,378,1288,461,215,143,521,696
239,Pennsylvania NCAA,33,24,9,.727,2.24,-3.16,,12,2,,11,3,,9,4,,2506,2274,,1355,816,1971,.414,192,651,.295,450,613,.734,275,1192,323,174,97,406,609
240,Pepperdine,32,6,26,.188,-6.50,1.82,,2,16,,5,11,,0,14,,2283,2516,,1290,887,1821,.487,305,761,.401,437,604,.724,267,1045,550,181,131,344,608
241,Pittsburgh,32,8,24,.250,-1.87,8.48,,0,18,,7,11,,0,10,,1985,2316,,1290,831,1894,.439,235,704,.334,419,592,.708,390,1205,483,214,134,329,514
242,Portland State,34,20,14,.588,-0.14,-1.04,,9,9,,8,5,,10,6,,2897,2698,,1375,937,1972,.475,251,684,.367,573,822,.697,343,1263,513,212,143,615,667
243,Portland,32,10,22,.313,-6.60,2.43,,4,14,,7,9,,3,9,,2221,2372,,1290,838,1926,.435,271,793,.342,425,609,.698,352,1187,485,173,83,351,599
244,Prairie View,34,16,18,.471,-10.13,-7.71,,12,6,,10,2,,5,15,,2559,2609,,1370,879,1877,.468,230,690,.333,621,899,.691,371,1251,437,211,116,563,697
245,Presbyterian,32,11,21,.344,-14.33,-5.53,,4,14,,8,8,,2,13,,2124,2273,,1285,837,1769,.473,238,652,.365,361,498,.725,296,1099,444,164,89,371,522
246,Princeton,29,13,16,.448,-2.44,-1.97,,5,9,,7,5,,5,9,,2106,2083,,1200,738,1644,.449,218,614,.355,389,521,.747,231,987,332,154,90,336,498
247,Providence NCAA,35,21,14,.600,11.12,10.23,,10,8,,13,4,,4,7,,2575,2544,,1425,913,2054,.444,240,746,.322,478,654,.731,357,1268,444,227,128,469,675
248,Purdue NCAA,37,30,7,.811,23.41,8.74,,15,3,,16,1,,8,2,,2974,2431,,1485,907,2197,.413,251,755,.332,366,531,.689,376,1204,443,190,94,448,688
249,Quinnipiac,33,12,21,.364,-9.50,-4.44,,7,11,,6,6,,3,12,,2364,2531,,1355,908,1960,.463,286,722,.396,429,589,.728,324,1181,487,214,115,376,646
250,Radford NCAA,36,23,13,.639,-2.62,-4.09,,12,6,,12,2,,7,10,,2422,2336,,1465,819,1897,.432,261,745,.350,437,582,.751,317,1135,413,198,120,469,601
251,Rhode Island NCAA,34,26,8,.765,11.81,4.61,,15,3,,15,1,,7,4,,2583,2338,,1370,811,1792,.453,182,549,.332,534,728,.734,303,1170,397,187,105,536,591
252,Rice,31,7,24,.226,-8.63,-0.04,,4,14,,5,10,,2,13,,2114,2347,,1250,850,1897,.448,284,796,.357,363,518,.701,318,1154,514,216,77,368,577
253,Richmond,32,12,20,.375,-0.17,3.61,,9,9,,6,9,,4,8,,2297,2418,,1295,882,1805,.489,236,635,.372,418,566,.739,284,1107,471,202,103,421,489
254,Rider,32,22,10,.688,0.94,-2.65,,15,3,,12,1,,8,7,,2620,2505,,1285,852,1904,.447,305,821,.371,496,701,.708,333,1171,481,198,146,493,693
255,Robert Morris,33,16,17,.485,-7.98,-6.10,,9,9,,4,6,,9,11,,2272,2334,,1325,833,1858,.448,210,640,.328,458,672,.682,357,1218,408,215,124,525,587
256,Rutgers,34,15,19,.441,5.50,6.84,,3,15,,13,9,,0,9,,2216,2204,,1375,785,1898,.414,231,722,.320,403,575,.701,341,1221,427,191,147,473,627
257,Sacramento State,32,7,25,.219,-8.90,-0.74,,4,14,,6,9,,1,12,,2157,2358,,1285,820,1803,.455,247,662,.373,471,619,.761,312,1148,417,180,98,386,549
258,Sacred Heart,31,10,21,.323,-11.38,-6.98,,5,13,,5,9,,4,11,,2129,2237,,1245,794,1806,.440,243,719,.338,406,593,.685,252,1006,376,207,104,327,535
259,Saint Francis (PA),31,18,13,.581,-6.12,-6.71,,12,6,,11,3,,7,10,,2450,2355,,1260,893,1936,.461,255,729,.350,314,451,.696,339,1120,491,165,116,424,583
260,Saint Joseph's,32,16,16,.500,3.78,1.90,,10,8,,10,3,,4,9,,2371,2311,,1290,831,1980,.420,305,905,.337,344,487,.706,296,1236,486,152,116,374,583
261,Saint Louis,33,17,16,.515,2.58,2.92,,9,9,,12,6,,3,7,,2170,2157,,1325,749,1750,.428,222,634,.350,437,601,.727,293,1052,422,187,110,398,635
262,Saint Mary's (CA),36,30,6,.833,12.86,0.33,,16,2,,18,2,,11,1,,2772,2321,,1455,883,1999,.442,200,619,.323,355,495,.717,265,988,424,197,106,345,589
263,Saint Peter's,32,14,18,.438,-5.24,-4.37,,6,12,,8,5,,3,12,,2085,2113,,1310,685,1659,.413,237,721,.329,504,701,.719,308,1092,392,179,84,454,502
264,Sam Houston State,36,21,15,.583,-5.14,-4.80,,12,6,,14,2,,5,10,,2571,2477,,1445,852,1965,.434,277,851,.325,496,725,.684,325,1220,461,185,149,517,682
265,Samford,32,10,22,.313,-11.10,-3.37,,6,12,,8,6,,2,14,,2483,2639,,1280,957,1960,.488,323,866,.373,402,536,.750,361,1153,609,214,85,446,560
266,San Diego State NCAA,33,22,11,.667,12.23,3.91,,11,7,,13,2,,5,7,,2545,2240,,1320,795,1908,.417,251,767,.327,399,549,.727,297,1077,440,201,109,443,636
267,San Diego,34,20,14,.588,2.86,0.50,,9,9,,12,7,,8,6,,2385,2264,,1370,764,1843,.415,167,551,.303,569,760,.749,303,1131,317,199,97,409,666
268,San Francisco,39,22,17,.564,1.13,1.63,,9,9,,16,6,,4,9,,2685,2681,,1570,934,2151,.434,222,678,.327,591,782,.756,327,1348,395,225,160,451,670
269,San Jose State,30,4,26,.133,-8.74,2.91,,1,17,,3,11,,1,14,,1974,2260,,1210,781,1784,.438,303,868,.349,395,543,.727,261,964,491,221,102,319,550
270,Santa Clara,31,11,20,.355,-7.01,0.61,,8,10,,6,11,,5,5,,2048,2224,,1245,821,1637,.502,200,501,.399,382,538,.710,243,1031,489,168,105,390,564
271,Savannah State,32,15,17,.469,-15.36,-5.06,,12,4,,10,2,,4,13,,2754,2991,,1295,1102,2237,.493,298,838,.356,489,685,.714,428,1527,649,205,117,576,611
272,Seattle,34,20,14,.588,-2.32,-3.09,,8,6,,16,3,,3,10,,2589,2468,,1375,814,1999,.407,251,718,.350,589,791,.745,348,1181,387,238,109,386,666
273,Seton Hall NCAA,34,22,12,.647,15.67,10.11,,10,8,,14,3,,5,6,,2701,2512,,1370,903,2057,.439,262,776,.338,444,613,.724,347,1149,442,201,111,431,664
274,Siena,32,8,24,.250,-10.46,-2.99,,4,14,,7,8,,1,15,,2166,2405,,1325,819,1831,.447,226,647,.349,541,771,.702,322,1095,415,215,104,348,592
275,South Alabama,32,14,18,.438,-5.44,-2.87,,7,11,,11,4,,2,13,,2228,2218,,1285,762,1874,.407,214,702,.305,480,703,.683,355,1198,380,202,123,429,605
276,South Carolina State,32,10,22,.313,-20.18,-8.78,,6,10,,8,5,,2,16,,2355,2660,,1290,963,1956,.492,275,752,.366,459,661,.694,355,1202,487,183,122,456,622
277,South Carolina Upstate,32,7,25,.219,-17.46,-4.35,,2,12,,6,7,,0,17,,2424,2723,,1290,967,1929,.501,287,697,.412,502,678,.740,330,1229,604,159,76,369,463
278,South Carolina,33,17,16,.515,9.45,9.23,,7,11,,10,5,,4,8,,2313,2277,,1330,749,1765,.424,222,667,.333,557,769,.724,304,1116,380,244,173,487,684
279,South Dakota State NCAA,35,28,7,.800,6.84,-0.38,,13,1,,15,0,,8,5,,2958,2599,,1415,955,2235,.427,291,875,.333,398,554,.718,305,1243,410,172,91,371,670
280,South Dakota,35,26,9,.743,6.17,-2.60,,11,3,,13,2,,9,5,,2832,2404,,1400,859,2096,.410,261,793,.329,425,583,.729,346,1194,398,169,109,502,644
281,South Florida,32,10,22,.313,-7.25,0.06,,3,15,,7,11,,3,10,,2026,2260,,1285,819,1816,.451,219,663,.330,403,592,.681,334,1098,454,217,125,346,552
282,Southeast Missouri State,31,14,17,.452,-8.12,-4.88,,8,10,,7,7,,6,9,,2355,2413,,1250,857,1795,.477,260,695,.374,439,617,.712,304,1067,431,153,121,383,567
283,Southeastern Louisiana,34,22,12,.647,-6.40,-6.20,,15,3,,10,3,,10,7,,2439,2357,,1360,860,1962,.438,225,648,.347,412,571,.722,382,1199,372,194,121,497,666
284,Southern California,36,24,12,.667,12.81,6.29,,12,6,,13,5,,6,5,,2798,2563,,1460,936,2124,.441,294,835,.352,397,564,.704,358,1219,496,187,105,483,631
285,SIU Edwardsville,30,9,21,.300,-12.43,-3.36,,5,13,,4,9,,5,11,,2090,2362,,1200,792,1664,.476,217,590,.368,561,764,.734,292,1075,428,206,106,369,528
286,Southern Illinois,33,20,13,.606,1.37,0.65,,11,7,,13,3,,5,8,,2308,2280,,1340,801,1827,.438,239,717,.333,439,616,.713,323,1129,412,219,90,445,587
287,Southern Methodist,33,17,16,.515,9.08,3.66,,6,12,,13,5,,2,8,,2293,2114,,1320,744,1763,.422,259,766,.338,367,539,.681,346,1096,475,159,111,461,550
288,Southern Mississippi,34,16,18,.471,-4.26,1.31,,7,11,,11,3,,2,11,,2401,2449,,1365,859,1865,.461,311,847,.367,420,594,.707,304,1218,480,147,86,475,523
289,Southern Utah,32,13,19,.406,-7.64,-0.87,,5,13,,9,5,,2,13,,2416,2583,,1290,891,1868,.477,244,642,.380,557,768,.725,277,1150,409,185,105,404,651
290,Southern,33,15,18,.455,-14.54,-9.57,,10,8,,11,3,,4,14,,2279,2369,,1330,814,1927,.422,236,701,.337,505,716,.705,352,1207,398,199,133,410,656
291,St. Bonaventure NCAA,34,26,8,.765,8.87,2.61,,14,4,,13,1,,9,4,,2620,2407,,1380,807,1917,.421,266,829,.321,527,737,.715,353,1186,463,181,133,488,663
292,St. Francis (NY),31,13,18,.419,-12.24,-7.31,,10,8,,10,3,,3,13,,2260,2357,,1260,810,1720,.471,186,551,.338,551,769,.717,317,1180,349,184,96,462,557
293,St. John's (NY),33,16,17,.485,10.29,10.69,,4,14,,9,7,,2,7,,2412,2397,,1345,807,1922,.420,304,824,.369,479,653,.734,378,1306,472,180,78,535,587
294,Stanford,35,19,16,.543,8.08,7.14,,11,7,,14,5,,4,7,,2655,2622,,1410,954,2202,.433,279,794,.351,435,644,.675,359,1170,455,237,155,405,700
295,Stephen F. Austin NCAA,35,28,7,.800,2.66,-6.47,,14,4,,16,1,,9,5,,2819,2386,,1400,768,1796,.428,246,689,.357,604,878,.688,325,1124,450,260,126,691,717
296,Stetson,32,12,20,.375,-12.38,-6.45,,4,10,,7,9,,5,11,,2412,2496,,1290,881,1891,.466,269,719,.374,465,664,.700,295,1217,462,182,113,445,503
297,Stony Brook,32,13,19,.406,-5.08,-2.28,,7,9,,7,7,,6,11,,2205,2249,,1290,761,1740,.437,220,627,.351,507,720,.704,306,1143,371,220,130,478,593
298,Syracuse NCAA,37,23,14,.622,12.89,10.02,,8,10,,14,5,,4,6,,2466,2360,,1500,801,2046,.391,289,910,.318,469,642,.731,400,1237,591,228,116,469,679
299,Temple,33,17,16,.515,7.25,7.79,,8,10,,8,5,,4,10,,2308,2326,,1330,836,1907,.438,229,706,.324,425,600,.708,376,1257,441,172,100,418,479
300,Tennessee-Martin,31,10,21,.323,-10.52,-4.96,,5,13,,5,9,,5,12,,2135,2253,,1255,764,1798,.425,310,869,.357,415,592,.701,353,1107,524,211,78,421,469
301,Tennessee State,30,15,15,.500,-5.34,-2.98,,10,8,,9,5,,6,9,,1997,2010,,1220,683,1586,.431,271,760,.357,373,542,.688,267,1000,431,166,91,473,539
302,Tennessee Tech,33,19,14,.576,-5.83,-3.54,,10,8,,11,3,,5,10,,2413,2388,,1325,838,1918,.437,243,747,.325,469,675,.695,347,1208,447,197,129,494,634
303,Tennessee NCAA,35,26,9,.743,18.20,10.12,,13,5,,13,2,,8,4,,2584,2301,,1410,784,1917,.409,222,699,.318,511,720,.710,383,1194,383,194,112,484,674
304,Texas A&M-Corpus Christi,29,11,18,.379,-12.30,-6.57,,8,10,,7,6,,4,11,,1963,2057,,1170,679,1550,.438,224,646,.347,475,703,.676,286,976,413,220,86,445,556
305,Texas A&M NCAA,35,22,13,.629,15.30,10.62,,9,9,,13,3,,4,7,,2631,2467,,1400,892,2186,.408,268,821,.326,415,603,.688,378,1222,512,227,135,379,616
306,Texas-Arlington,34,21,13,.618,2.20,-1.44,,10,8,,13,2,,4,10,,2640,2500,,1365,853,2070,.412,308,919,.335,486,701,.693,363,1221,455,243,88,490,646
307,Texas Christian NCAA,33,21,12,.636,16.38,9.68,,9,9,,15,3,,3,7,,2708,2487,,1345,894,1958,.457,262,697,.376,437,598,.731,291,1001,511,206,141,410,612
308,Texas-El Paso,31,11,20,.355,-5.31,-0.21,,6,12,,9,8,,2,8,,2094,2197,,1240,756,1766,.428,262,738,.355,423,636,.665,298,1186,396,170,55,380,532
309,Texas-Rio Grande Valley,33,15,18,.455,-7.73,-2.86,,6,8,,9,7,,6,10,,2490,2584,,1330,875,1955,.448,229,648,.353,605,865,.699,364,1329,500,198,122,515,702
310,Texas-San Antonio,35,20,15,.571,-1.24,-0.93,,11,7,,12,4,,6,8,,2740,2628,,1405,879,2112,.416,290,842,.344,580,854,.679,346,1335,444,183,120,430,608
311,Texas Southern NCAA,36,16,20,.444,-7.53,-5.53,,12,6,,8,2,,5,17,,2787,2859,,1450,1048,2320,.452,280,764,.366,483,724,.667,442,1381,569,191,145,426,757
312,Texas State,33,15,18,.455,-5.84,-3.45,,7,11,,7,7,,6,9,,2190,2172,,1330,786,1775,.443,226,698,.324,374,527,.710,288,1041,411,207,137,442,597
313,Texas Tech NCAA,37,27,10,.730,19.38,9.60,,11,7,,17,1,,4,6,,2759,2397,,1490,806,2008,.401,249,770,.323,536,762,.703,368,1199,377,222,138,554,766
314,Texas NCAA,34,19,15,.559,13.96,10.67,,8,10,,13,4,,3,7,,2450,2338,,1410,861,2028,.425,237,714,.332,379,532,.712,353,1216,420,181,100,425,606
315,Toledo,34,23,11,.676,2.65,-1.75,,13,5,,12,4,,9,6,,2687,2532,,1360,942,2157,.437,241,703,.343,407,556,.732,363,1195,366,206,117,323,624
316,Towson,32,18,14,.563,-0.12,-3.12,,8,10,,10,4,,4,9,,2446,2279,,1300,774,1800,.430,239,703,.340,492,692,.711,313,1048,418,181,92,424,603
317,Troy,33,16,17,.485,-1.50,-2.12,,9,9,,10,4,,4,10,,2475,2408,,1330,865,1993,.434,255,748,.341,423,607,.697,354,1202,406,209,84,386,575
318,Tulane,31,14,17,.452,1.21,2.08,,5,13,,9,7,,3,8,,2269,2296,,1250,815,1828,.446,215,623,.345,451,632,.714,330,1111,385,214,91,374,571
319,Tulsa,31,19,12,.613,4.96,2.38,,12,6,,13,2,,4,7,,2277,2197,,1255,793,1888,.420,282,821,.343,329,478,.688,350,1085,442,197,117,382,625
320,UCLA NCAA,33,21,12,.636,12.07,6.86,,11,7,,14,2,,3,7,,2679,2507,,1350,891,2105,.423,287,829,.346,438,625,.701,347,1195,451,201,81,351,630
321,Utah State,34,17,17,.500,2.31,2.65,,8,10,,11,4,,2,12,,2489,2466,,1365,868,1932,.449,261,726,.360,469,631,.743,300,1143,452,218,97,411,609
322,Utah Valley,34,23,11,.676,5.08,-1.76,,10,4,,16,1,,6,9,,2657,2310,,1365,846,2047,.413,231,721,.320,387,554,.699,329,1073,495,251,107,419,648
323,Utah,35,23,12,.657,11.39,6.39,,11,7,,15,3,,6,6,,2571,2396,,1410,855,2043,.419,264,786,.336,422,589,.716,360,1211,406,212,105,415,679
324,Valparaiso,32,15,17,.469,0.63,0.93,,6,12,,8,4,,3,12,,2252,2182,,1280,732,1739,.421,192,611,.314,526,741,.710,309,1075,406,201,88,450,606
325,Vanderbilt,32,12,20,.375,8.52,10.14,,6,12,,11,7,,1,10,,2316,2368,,1290,841,1806,.466,210,562,.374,476,660,.721,293,1065,393,155,133,316,572
326,Vermont,35,27,8,.771,4.90,-3.16,,15,1,,12,2,,12,5,,2587,2277,,1400,844,1928,.438,248,726,.342,341,478,.713,255,1007,417,195,110,386,698
327,Villanova NCAA,40,36,4,.900,26.64,10.24,,14,4,,12,1,,9,3,,3463,2807,,1615,1028,2401,.428,272,858,.317,479,641,.747,378,1306,532,193,105,512,698
328,Virginia Commonwealth,33,18,15,.545,3.55,2.43,,9,9,,11,7,,5,5,,2507,2470,,1335,897,1992,.450,258,736,.351,418,585,.715,318,1155,470,230,87,425,552
329,VMI,30,9,21,.300,-15.43,-4.25,,4,14,,6,8,,3,12,,1954,2214,,1200,767,1729,.444,247,727,.340,433,602,.719,312,1141,417,213,94,410,469
330,Virginia Tech NCAA,33,21,12,.636,14.35,6.71,,10,8,,14,4,,6,5,,2634,2382,,1335,844,1965,.430,292,842,.347,402,577,.697,346,1130,460,174,124,433,572
331,Virginia NCAA,34,31,3,.912,22.20,9.05,,17,1,,16,1,,10,1,,2283,1836,,1365,647,1703,.380,215,694,.310,327,447,.732,280,1048,308,130,87,432,510
332,Wagner,33,23,10,.697,-3.19,-6.90,,14,4,,16,1,,7,9,,2448,2256,,1325,731,1774,.412,232,649,.357,562,816,.689,331,1112,380,186,125,479,675
333,Wake Forest,31,11,20,.355,7.76,8.79,,4,14,,7,9,,3,8,,2273,2305,,1240,770,1751,.440,265,702,.377,500,683,.732,296,1064,440,202,112,380,548
334,Washington State,31,12,19,.387,0.67,5.21,,4,14,,8,8,,1,10,,2270,2411,,1250,882,1897,.465,265,759,.349,382,541,.706,340,1129,453,188,92,354,501
335,Washington,34,21,13,.618,7.62,6.06,,10,8,,16,4,,4,6,,2535,2481,,1375,887,1983,.447,236,704,.335,472,682,.692,392,1200,533,207,113,513,656
336,Weber State,31,20,11,.645,0.02,-2.87,,13,5,,12,3,,7,4,,2434,2195,,1255,794,1851,.429,199,601,.331,408,587,.695,298,1070,381,183,73,369,567
337,West Virginia NCAA,37,26,11,.703,19.89,9.38,,11,7,,14,3,,5,5,,2964,2575,,1485,835,1962,.426,288,758,.380,617,866,.712,375,1268,462,204,148,612,695
338,Western Carolina,32,13,19,.406,-11.90,-1.63,,8,10,,8,5,,3,12,,2190,2419,,1280,839,1824,.460,282,790,.357,459,636,.722,344,1191,489,250,124,490,548
339,Western Illinois,28,12,16,.429,-11.07,-2.28,,3,11,,11,5,,1,10,,2012,2009,,1135,723,1701,.425,237,665,.356,326,467,.698,255,991,349,180,65,319,454
340,Western Kentucky,38,27,11,.711,11.08,3.64,,14,4,,14,3,,9,5,,2979,2674,,1525,989,2304,.429,301,846,.356,395,545,.725,403,1275,523,199,125,488,734
341,Western Michigan,32,17,15,.531,-2.22,-1.99,,9,9,,10,6,,6,7,,2402,2349,,1285,818,1803,.454,290,780,.372,423,585,.723,287,1096,424,166,94,440,576
342,Wichita State NCAA,33,25,8,.758,16.58,5.46,,14,4,,13,3,,9,2,,2731,2364,,1330,809,1922,.421,282,776,.363,464,639,.726,271,1005,356,200,111,379,658
343,William & Mary,31,19,12,.613,-1.37,-1.34,,11,7,,11,3,,7,8,,2636,2531,,1255,928,1907,.487,260,717,.363,415,596,.696,276,1002,469,199,94,332,523
344,Winthrop,31,19,12,.613,-1.63,-5.85,,12,6,,11,3,,7,9,,2464,2219,,1240,772,1847,.418,229,689,.332,446,598,.746,311,1070,347,229,88,425,592
345,Wisconsin,33,15,18,.455,10.38,9.50,,7,11,,11,7,,3,8,,2206,2177,,1325,798,1740,.459,185,528,.350,396,526,.753,271,1023,378,175,122,386,611
346,Wofford,34,21,13,.618,-0.97,-2.45,,11,7,,12,5,,7,7,,2578,2405,,1360,833,1857,.449,287,803,.357,452,616,.734,282,1088,474,210,81,438,535
347,Wright State NCAA,35,25,10,.714,0.58,-3.64,,14,4,,14,2,,8,7,,2500,2307,,1410,816,1965,.415,268,775,.346,407,573,.710,303,1178,420,204,102,531,702
348,Wyoming,33,20,13,.606,4.26,3.54,,10,8,,13,4,,5,7,,2633,2597,,1365,898,2022,.444,260,700,.371,541,752,.719,315,1288,461,203,79,483,708
349,Xavier NCAA,35,29,6,.829,19.06,9.43,,15,3,,17,1,,9,2,,2953,2616,,1415,944,2192,.431,301,902,.334,427,562,.760,296,1095,492,238,127,400,731
350,Yale,31,16,15,.516,-4.19,-2.83,,9,5,,9,3,,7,11,,2312,2288,,1250,824,1793,.460,214,631,.339,426,589,.723,277,1061,428,214,80,397,539
351,Youngstown State,32,8,24,.250,-13.66,-2.56,,6,12,,6,6,,2,13,,2410,2647,,1290,943,1852,.509,258,642,.402,503,724,.695,294,1122,524,225,145,497,565