,,Overall,Overall,Overall,Overall,Overall,Overall,,Conf.,Conf.,,Home,Home,,Away,Away,,Points,Points,,Totals,Totals,Totals,Totals,Totals,Totals,Totals,Totals,Totals,Totals,Totals,Totals,Totals,Totals,Totals,Totals,Totals
Rk,School,G,W,L,W-L%,SRS,SOS,,W,L,,W,L,,W,L,,Tm.,Opp.,,MP,FG,FGA,FG%,3P,3PA,3P%,FT,FTA,FT%,ORB,TRB,AST,STL,BLK,TOV,PF
1,Abilene Christian,32,16,16,.500,-9.14,-6.82,,8,10,,9,6,,6,9,,2359,2279,,1290,870,1874,.464,213,656,.325,406,579,.701,309,1093,482,260,128,461,671
2,Air Force,31,12,19,.387,-4.31,1.72,,6,12,,9,7,,3,10,,2124,2244,,1245,733,1751,.419,250,755,.331,408,556,.734,302,1014,445,201,78,391,557
3,Akron,32,14,18,.438,-6.82,-1.92,,6,12,,12,4,,2,10,,2296,2411,,1295,793,1824,.435,305,851,.358,405,582,.696,306,1071,418,189,81,440,637
4,Alabama A&M,31,3,28,.097,-23.97,-8.04,,3,15,,2,9,,1,18,,1873,2367,,1245,673,1697,.397,182,601,.303,345,533,.647,335,1046,340,123,49,514,506
5,Alabama-Birmingham,33,20,13,.606,4.90,-0.65,,10,8,,14,3,,5,6,,2536,2303,,1330,945,1937,.488,223,646,.345,423,564,.750,333,1255,560,178,127,437,490
6,Alabama State,31,8,23,.258,-18.56,-8.62,,8,10,,4,8,,4,13,,2129,2437,,1245,751,1839,.408,209,638,.328,418,647,.646,394,1131,313,169,130,437,648
7,Alabama NCAA,36,20,16,.556,12.34,10.64,,8,10,,12,4,,2,8,,2604,2543,,1440,910,1975,.461,229,702,.326,555,828,.670,360,1290,458,228,192,513,676
8,Albany (NY),32,22,10,.688,0.02,-5.40,,10,6,,14,3,,8,7,,2375,2182,,1280,839,1836,.457,184,502,.367,513,680,.754,377,1191,405,150,91,371,528
9,Alcorn State,32,11,21,.344,-18.07,-8.60,,7,11,,9,5,,2,16,,2244,2388,,1285,791,1824,.434,239,697,.343,423,598,.707,305,1104,419,200,85,459,613
10,American,30,6,24,.200,-14.63,-6.16,,3,15,,4,8,,2,16,,1961,2215,,1205,698,1615,.432,239,709,.337,326,491,.664,242,869,367,217,98,413,550
11,Appalachian State,33,15,18,.455,-4.83,-2.67,,9,9,,9,4,,4,11,,2520,2448,,1340,864,1983,.436,292,859,.340,500,749,.668,389,1292,411,198,117,457,627
12,Arizona State NCAA,32,20,12,.625,14.37,6.55,,8,10,,13,4,,4,6,,2645,2395,,1290,888,1920,.463,288,793,.363,581,793,.733,315,1126,458,209,114,343,604
13,Arizona NCAA,35,27,8,.771,15.67,6.84,,14,4,,15,1,,8,3,,2818,2509,,1420,1009,2003,.504,237,642,.369,563,741,.760,353,1277,531,173,158,426,603
14,Little Rock,32,7,25,.219,-10.45,-2.22,,4,14,,5,10,,2,14,,2038,2242,,1300,750,1756,.427,200,623,.321,338,554,.610,322,1089,391,159,93,459,612
15,Arkansas-Pine Bluff,35,14,21,.400,-14.84,-9.36,,12,6,,7,3,,6,13,,2307,2499,,1410,815,1863,.437,217,660,.329,460,681,.675,279,1024,427,275,144,500,684
16,Arkansas State,32,11,21,.344,-9.65,-3.02,,6,12,,7,7,,4,13,,2369,2523,,1290,841,1910,.440,236,695,.340,451,628,.718,359,1072,344,215,95,419,589
17,Arkansas NCAA,35,23,12,.657,14.76,9.85,,10,8,,15,2,,3,7,,2819,2647,,1415,1005,2119,.474,269,681,.395,540,793,.681,351,1208,501,218,163,381,700
18,Army,30,13,17,.433,-8.62,-7.17,,6,12,,6,5,,4,12,,2230,2223,,1205,820,1845,.444,295,771,.383,295,448,.658,302,1073,501,170,83,403,593
19,Auburn NCAA,34,26,8,.765,15.97,7.29,,13,5,,15,1,,7,4,,2783,2488,,1360,906,2102,.431,324,908,.357,647,836,.774,407,1290,481,252,180,411,672
20,Austin Peay,34,19,15,.559,-3.28,-2.50,,12,6,,13,5,,5,9,,2512,2446,,1370,915,2012,.455,202,592,.341,480,737,.651,444,1209,453,225,103,478,671
21,Ball State,32,19,13,.594,-1.22,-2.00,,10,8,,14,2,,5,10,,2410,2362,,1295,856,1895,.452,245,727,.337,453,643,.705,320,1210,453,170,112,423,547
22,Baylor,34,19,15,.559,14.60,9.17,,8,10,,15,5,,2,9,,2571,2369,,1375,941,2007,.469,217,608,.357,470,640,.734,400,1292,516,185,152,463,608
23,Belmont,33,24,9,.727,5.54,-2.88,,15,3,,14,2,,9,6,,2562,2284,,1320,901,1853,.486,378,1005,.376,382,517,.739,258,1133,529,161,82,410,531
24,Bethune-Cookman,32,18,14,.563,-12.19,-12.46,,12,4,,10,3,,8,10,,2621,2543,,1290,903,2039,.443,241,759,.318,575,820,.701,424,1346,501,202,123,507,670
25,Binghamton,31,11,20,.355,-10.27,-6.34,,2,14,,7,7,,3,12,,2147,2181,,1245,787,1775,.443,235,671,.350,338,528,.640,283,1066,376,170,131,381,522
26,Boise State,32,23,9,.719,11.21,3.05,,13,5,,15,1,,6,6,,2502,2210,,1300,878,1903,.461,307,809,.379,439,595,.738,321,1232,427,183,70,433,573
27,Boston College,35,19,16,.543,9.00,7.20,,7,11,,14,3,,2,11,,2673,2610,,1415,948,2105,.450,298,831,.359,479,646,.741,369,1293,492,175,110,441,570
28,Boston University,31,15,16,.484,-8.33,-5.83,,10,8,,6,7,,9,9,,2186,2226,,1240,800,1730,.462,229,614,.373,357,559,.639,301,1044,420,229,103,427,531
29,Bowling Green State,32,16,16,.500,-6.38,-2.88,,7,11,,9,6,,6,9,,2429,2490,,1305,827,1963,.421,241,690,.349,534,730,.732,372,1226,425,189,82,408,569
30,Bradley,33,20,13,.606,2.07,0.35,,9,9,,13,2,,4,9,,2223,2136,,1320,768,1788,.430,217,613,.354,470,665,.707,359,1178,447,214,133,441,626
31,Brigham Young,35,24,11,.686,8.05,1.53,,11,7,,13,3,,7,6,,2600,2372,,1415,919,1905,.482,225,649,.347,537,716,.750,242,1146,533,224,133,403,596
32,Brown,27,11,16,.407,-7.78,-4.67,,4,10,,8,5,,3,11,,2080,2133,,1100,695,1631,.426,186,588,.316,504,667,.756,310,988,338,174,81,364,565
33,Bryant,31,3,28,.097,-18.75,-5.42,,2,16,,1,11,,2,17,,2169,2582,,1245,771,1881,.410,259,755,.343,368,522,.705,312,1000,417,190,43,401,600
34,Bucknell NCAA,35,25,10,.714,4.49,-3.46,,16,2,,15,1,,10,8,,2837,2559,,1420,965,2050,.471,280,804,.348,627,872,.719,325,1281,505,194,152,437,655
35,Buffalo NCAA,36,27,9,.750,7.99,0.25,,15,3,,14,1,,8,5,,3047,2742,,1455,1105,2334,.473,351,948,.370,486,695,.699,430,1388,597,225,146,446,755
36,Butler NCAA,35,21,14,.600,16.92,10.55,,9,9,,14,3,,3,7,,2763,2540,,1430,1020,2155,.473,287,805,.357,436,562,.776,324,1198,489,232,100,391,642
37,Cal Poly,31,9,22,.290,-11.56,-1.83,,4,12,,7,6,,1,13,,2082,2302,,1270,721,1817,.397,267,746,.358,373,478,.780,291,1034,372,154,122,366,565
38,Cal State Bakersfield,30,12,18,.400,-6.58,-0.73,,5,9,,8,4,,3,12,,1981,2068,,1200,697,1670,.417,185,613,.302,402,578,.696,343,1068,387,182,87,416,597
39,Cal State Fullerton NCAA,32,20,12,.625,-0.93,-1.03,,10,6,,9,4,,7,7,,2318,2245,,1290,804,1721,.467,167,500,.334,543,745,.729,280,1123,403,201,106,455,578
40,Cal State Northridge,30,6,24,.200,-13.50,-3.53,,3,13,,4,9,,2,13,,1983,2206,,1215,731,1689,.433,186,514,.362,335,473,.708,247,940,366,149,74,365,533
41,UC-Davis,33,22,11,.667,0.87,-1.84,,12,4,,10,2,,9,7,,2388,2241,,1360,834,1792,.465,213,572,.372,505,705,.716,267,1064,409,233,77,425,644
42,UC-Irvine,35,18,17,.514,-0.22,-0.34,,11,5,,7,5,,7,10,,2440,2350,,1410,900,2061,.437,220,657,.335,420,593,.708,420,1443,430,178,140,487,719
43,UC-Riverside,31,9,22,.290,-8.50,-1.54,,4,12,,6,8,,3,13,,2024,2163,,1245,716,1779,.402,185,597,.310,407,580,.702,310,1089,389,190,95,428,617
44,UC-Santa Barbara,32,23,9,.719,2.10,-3.37,,11,5,,12,2,,9,6,,2425,2211,,1285,877,1891,.464,257,674,.381,414,594,.697,326,1176,481,154,118,337,536
45,University of California,32,8,24,.250,-3.40,6.05,,2,16,,5,12,,3,8,,2166,2483,,1285,767,1887,.406,148,518,.286,484,717,.675,426,1140,313,220,154,470,648
46,Campbell,34,18,16,.529,-5.68,-6.68,,10,8,,14,4,,4,11,,2581,2412,,1370,891,1867,.477,313,806,.388,486,648,.750,231,1085,482,228,137,403,579
47,Canisius,33,21,12,.636,0.44,-4.80,,15,3,,11,3,,8,8,,2519,2346,,1325,901,1942,.464,304,874,.348,413,581,.711,336,1101,553,232,95,430,624
48,Central Arkansas,35,18,17,.514,-5.83,-5.97,,10,8,,9,5,,8,11,,2819,2766,,1425,980,2162,.453,286,804,.356,573,780,.735,359,1271,566,233,180,480,690
49,Central Connecticut State,32,14,18,.438,-11.62,-7.59,,7,11,,8,4,,6,14,,2171,2300,,1305,788,1740,.453,198,601,.329,397,568,.699,321,1130,397,161,107,473,549
50,Central Florida,32,19,13,.594,4.76,3.76,,9,9,,12,4,,5,6,,2007,1975,,1285,690,1627,.424,177,538,.329,450,702,.641,305,1108,339,169,111,431,488
51,Central Michigan,36,21,15,.583,-1.39,-3.24,,7,11,,12,5,,6,9,,2835,2661,,1465,953,2187,.436,356,1037,.343,573,711,.806,408,1305,492,228,119,417,573
52,Charleston Southern,31,15,16,.484,-8.16,-6.16,,9,9,,9,6,,6,10,,2232,2133,,1260,802,1793,.447,208,631,.330,420,581,.723,345,1071,368,224,106,408,517
53,Charlotte,29,6,23,.207,-10.13,0.27,,2,16,,4,11,,2,12,,2066,2317,,1165,706,1634,.432,198,563,.352,456,637,.716,270,990,319,165,65,428,524
54,Chattanooga,33,10,23,.303,-11.09,-4.05,,3,15,,8,8,,1,14,,2289,2424,,1345,784,1804,.435,276,776,.356,445,626,.711,307,1072,421,166,69,460,507
55,Chicago State,32,3,29,.094,-21.53,1.17,,1,13,,3,8,,0,19,,2171,2756,,1280,774,1898,.408,169,549,.308,454,627,.724,323,1042,367,232,81,483,697
56,Cincinnati NCAA,36,31,5,.861,20.25,3.53,,16,2,,15,1,,9,2,,2673,2071,,1440,944,2100,.450,262,742,.353,523,756,.692,479,1413,570,256,194,404,561
57,The Citadel,32,11,21,.344,-13.64,-2.95,,5,13,,7,8,,3,12,,2639,2819,,1290,889,2148,.414,386,1133,.341,475,673,.706,376,1183,528,301,99,477,586
58,Clemson NCAA,35,25,10,.714,17.16,9.25,,11,7,,15,1,,4,6,,2584,2307,,1410,899,1971,.456,288,786,.366,498,660,.755,313,1256,463,198,169,414,564
59,Cleveland State,35,12,23,.343,-10.82,-3.64,,6,12,,7,7,,2,15,,2402,2613,,1410,853,1965,.434,294,863,.341,402,572,.703,270,1063,456,231,90,458,595
60,Coastal Carolina,32,14,18,.438,-3.94,-2.42,,8,10,,7,9,,5,7,,2298,2241,,1290,787,1813,.434,218,660,.330,506,702,.721,388,1244,418,171,116,479,608
61,Colgate,33,19,14,.576,-4.85,-5.72,,12,6,,13,3,,6,11,,2394,2315,,1320,829,1897,.437,309,856,.361,427,552,.774,299,1083,426,201,110,363,542
62,College of Charleston NCAA,34,26,8,.765,1.83,-3.29,,14,4,,14,0,,7,6,,2536,2331,,1385,875,1905,.459,259,720,.360,527,699,.754,286,1129,387,177,119,339,563
63,Colorado State,32,11,21,.344,-3.86,3.79,,4,14,,8,8,,3,10,,2314,2537,,1295,811,1941,.418,225,684,.329,467,651,.717,375,1200,409,190,102,426,624
64,Colorado,32,17,15,.531,6.06,7.00,,8,10,,12,3,,1,10,,2307,2337,,1295,810,1839,.440,241,672,.359,446,612,.729,324,1200,409,140,122,451,619
65,Columbia,27,8,19,.296,-5.63,-3.02,,5,9,,7,5,,1,14,,2062,2085,,1090,746,1686,.442,269,733,.367,301,407,.740,277,962,384,177,93,338,504
66,Connecticut,32,14,18,.438,1.08,6.05,,7,11,,11,5,,2,9,,2181,2340,,1300,762,1832,.416,215,659,.326,442,593,.745,336,1096,334,190,119,403,592
67,Coppin State,32,5,27,.156,-20.96,-7.24,,5,11,,4,6,,1,20,,1945,2384,,1305,657,1824,.360,265,869,.305,366,497,.736,273,1082,338,172,82,462,649
68,Cornell,28,12,16,.429,-8.80,-3.24,,6,8,,8,4,,4,11,,2124,2250,,1150,744,1613,.461,217,639,.340,419,574,.730,232,961,449,144,98,376,499
69,Creighton NCAA,33,21,12,.636,16.35,8.10,,10,8,,16,2,,4,7,,2756,2444,,1330,1008,2050,.492,343,923,.372,397,531,.748,249,1206,588,187,88,371,501
70,Dartmouth,27,7,20,.259,-10.31,-4.00,,3,11,,6,6,,1,14,,1841,1970,,1085,651,1454,.448,200,557,.359,339,475,.714,208,847,359,152,86,365,421
71,Davidson NCAA,33,21,12,.636,11.02,2.57,,13,5,,11,1,,6,8,,2519,2240,,1335,899,1874,.480,353,907,.389,368,461,.798,229,1078,551,155,65,315,503
72,Dayton,31,14,17,.452,1.64,2.71,,8,10,,12,4,,1,10,,2244,2277,,1260,804,1671,.481,248,736,.337,388,531,.731,240,968,488,162,78,426,510
73,Delaware State,32,4,28,.125,-24.57,-9.30,,2,14,,4,9,,0,18,,2034,2458,,1300,742,1781,.417,192,591,.325,358,516,.694,340,1066,348,189,83,489,560
74,Delaware,33,14,19,.424,-6.93,-2.96,,6,12,,7,8,,4,10,,2338,2428,,1330,859,1880,.457,192,584,.329,428,657,.651,314,1150,386,164,75,354,554
75,Denver,30,15,15,.500,-5.21,-2.53,,8,6,,10,4,,3,9,,2192,2189,,1220,803,1699,.473,211,527,.400,375,540,.694,311,1107,452,129,72,451,561
76,DePaul,31,11,20,.355,6.55,8.45,,4,14,,6,10,,4,7,,2230,2289,,1245,819,1912,.428,194,626,.310,398,562,.708,383,1160,465,200,94,430,553
77,Detroit Mercy,32,8,24,.250,-12.47,-2.07,,4,14,,5,11,,2,11,,2516,2743,,1285,883,2031,.435,281,815,.345,469,621,.755,337,1114,437,212,88,435,649
78,Drake,34,17,17,.500,-0.51,0.58,,10,8,,11,3,,4,11,,2506,2495,,1390,862,1972,.437,289,795,.364,493,640,.770,279,1158,504,204,86,412,530
79,Drexel,33,13,20,.394,-7.20,-2.48,,6,12,,9,5,,2,11,,2454,2591,,1340,880,1994,.441,227,699,.325,467,646,.723,369,1197,380,176,138,409,583
80,Duke NCAA,37,29,8,.784,24.43,9.70,,13,5,,15,1,,6,5,,3121,2576,,1490,1125,2288,.492,309,831,.372,562,791,.710,496,1519,648,275,185,460,574
81,Duquesne,32,16,16,.500,-1.08,-3.33,,7,11,,13,6,,2,7,,2317,2245,,1310,801,1874,.427,261,745,.350,454,663,.685,387,1148,382,186,140,383,598
82,East Carolina,30,10,20,.333,-8.72,-0.22,,4,14,,8,11,,2,8,,1993,2248,,1215,741,1723,.430,182,597,.305,329,494,.666,292,1020,388,148,93,431,530
83,East Tennessee State,34,25,9,.735,3.72,-4.09,,14,4,,12,4,,11,4,,2556,2241,,1360,926,1957,.473,244,711,.343,460,648,.710,352,1265,500,265,146,454,613
84,Eastern Illinois,31,12,19,.387,-8.33,-3.40,,7,11,,7,6,,4,12,,2065,2120,,1245,732,1726,.424,224,627,.357,377,551,.684,332,1064,392,182,138,417,509
85,Eastern Kentucky,31,11,20,.355,-10.57,-3.68,,5,13,,6,7,,5,12,,2230,2371,,1245,778,1779,.437,226,638,.354,448,600,.747,297,1022,405,193,113,401,542
86,Eastern Michigan,35,22,13,.629,-0.23,-2.81,,11,7,,14,3,,7,9,,2509,2339,,1415,933,2010,.464,234,698,.335,409,599,.683,357,1230,450,303,227,447,559
87,Eastern Washington,35,20,15,.571,-0.03,-1.54,,13,5,,11,1,,6,12,,2619,2520,,1410,936,2017,.464,310,828,.374,437,572,.764,258,1163,440,185,106,402,667
88,Elon,32,14,18,.438,-6.89,-1.69,,6,12,,8,5,,4,12,,2346,2437,,1320,842,1916,.439,337,966,.349,325,457,.711,258,1140,507,140,66,373,494
89,Evansville,32,17,15,.531,0.68,1.35,,7,11,,15,3,,2,10,,2094,2045,,1285,731,1652,.442,184,448,.411,448,578,.775,247,1058,417,190,92,431,568
90,Fairfield,33,17,16,.515,-4.98,-3.68,,9,9,,10,3,,3,10,,2506,2549,,1345,881,2009,.439,303,893,.339,441,621,.710,299,1159,487,211,95,421,663
91,Fairleigh Dickinson,31,13,18,.419,-10.41,-5.66,,9,9,,8,5,,5,13,,2313,2350,,1240,842,1868,.451,213,623,.342,416,573,.726,339,1067,416,220,100,426,561
92,Florida A&M,34,9,25,.265,-19.21,-8.33,,7,9,,6,4,,2,20,,2343,2684,,1385,831,1981,.419,217,616,.352,464,641,.724,348,1094,370,194,104,471,612
93,Florida Atlantic,31,12,19,.387,-5.35,-0.14,,6,12,,7,7,,4,10,,2155,2172,,1245,790,1929,.410,179,551,.325,396,536,.739,357,1194,376,182,124,393,557
94,Florida Gulf Coast,35,23,12,.657,1.94,-5.44,,12,2,,14,6,,9,6,,2847,2515,,1400,1045,2117,.494,254,699,.363,503,680,.740,368,1338,535,256,97,494,653
95,Florida International,32,14,18,.438,-4.30,-1.99,,8,10,,11,7,,3,9,,2262,2278,,1310,815,1912,.426,203,632,.321,429,704,.609,319,1150,378,242,102,354,585
96,Florida State NCAA,35,23,12,.657,15.78,8.50,,9,9,,13,2,,4,7,,2806,2551,,1420,994,2125,.468,273,781,.350,543,786,.691,398,1322,523,241,186,456,652
97,Florida NCAA,34,21,13,.618,16.66,10.08,,11,7,,12,5,,5,4,,2577,2353,,1375,893,2065,.432,308,832,.370,483,673,.718,367,1198,445,237,164,335,591
98,Fordham,31,9,22,.290,-6.74,1.26,,4,14,,8,9,,1,10,,1931,2179,,1250,692,1680,.412,227,787,.288,320,452,.708,199,884,419,283,74,386,491
99,Fresno State,32,21,11,.656,8.17,1.84,,11,7,,12,5,,8,5,,2459,2201,,1295,885,1805,.490,216,548,.394,473,682,.694,293,1082,415,217,104,384,626
100,Furman,33,23,10,.697,4.43,-3.64,,13,5,,13,3,,7,6,,2619,2260,,1325,942,2006,.470,338,950,.356,397,557,.713,317,1157,526,265,72,382,531
101,Gardner-Webb,32,14,18,.438,-9.70,-3.81,,9,9,,11,2,,3,13,,2258,2307,,1300,822,1850,.444,236,676,.349,378,526,.719,300,1141,415,195,92,437,568
102,George Mason,33,16,17,.485,-2.97,0.85,,9,9,,10,7,,5,7,,2371,2497,,1345,841,1949,.432,230,705,.326,459,619,.742,329,1213,378,200,96,425,541
103,George Washington,33,15,18,.455,-0.72,2.13,,7,11,,13,5,,1,10,,2225,2319,,1320,832,1861,.447,180,561,.321,381,537,.709,350,1120,440,189,163,419,486
104,Georgetown,30,15,15,.500,7.16,5.29,,5,13,,11,8,,4,6,,2350,2294,,1235,800,1763,.454,226,618,.366,524,676,.775,327,1151,522,164,110,458,531
105,Georgia Southern,33,21,12,.636,-0.54,-3.28,,11,7,,10,3,,8,7,,2504,2315,,1325,857,1992,.430,267,784,.341,523,789,.663,401,1248,333,227,120,372,633
106,Georgia State NCAA,35,24,11,.686,3.22,-2.78,,12,6,,11,3,,9,6,,2614,2356,,1415,937,2033,.461,323,839,.385,417,615,.678,309,1182,455,256,160,395,639
107,Georgia Tech,32,13,19,.406,5.25,7.46,,6,12,,12,7,,1,10,,2101,2172,,1285,753,1770,.425,156,490,.318,439,616,.713,334,1084,409,221,171,411,533
108,Georgia,33,18,15,.545,10.24,8.87,,7,11,,11,4,,4,9,,2247,2202,,1340,767,1825,.420,201,632,.318,512,732,.699,406,1301,402,126,156,420,533
109,Gonzaga NCAA,37,32,5,.865,18.44,2.60,,17,1,,15,1,,10,1,,3091,2505,,1500,1125,2261,.498,328,891,.368,513,725,.708,413,1477,564,234,134,420,631
110,Grambling,31,17,14,.548,-12.97,-10.30,,13,5,,6,4,,11,10,,2257,2321,,1250,777,1852,.420,154,470,.328,547,769,.711,378,1193,342,239,113,477,674
111,Grand Canyon,34,22,12,.647,3.78,-4.80,,9,5,,16,3,,3,7,,2512,2213,,1370,855,1992,.429,251,779,.322,551,785,.702,405,1310,540,211,134,450,685
112,Green Bay,33,13,20,.394,-8.51,-4.08,,7,11,,10,6,,2,13,,2517,2499,,1330,859,2027,.424,295,813,.363,504,670,.752,334,1241,459,226,100,453,635
113,Hampton,34,18,16,.529,-9.37,-9.56,,11,4,,11,3,,5,11,,2703,2603,,1370,970,2173,.446,198,627,.316,565,727,.777,385,1372,518,183,123,440,672
114,Hartford,33,19,14,.576,-5.54,-5.26,,11,5,,9,7,,9,6,,2326,2318,,1325,835,1840,.454,270,783,.345,386,569,.678,278,1100,433,200,123,402,601
115,Harvard,32,18,14,.563,-0.28,-1.70,,12,2,,10,2,,6,11,,2182,2129,,1305,764,1775,.430,257,729,.353,397,512,.775,284,1115,406,173,118,445,575
116,Hawaii,30,17,13,.567,-2.33,-2.51,,8,8,,13,7,,4,5,,2104,2071,,1215,721,1630,.442,202,613,.330,460,670,.687,266,995,428,169,59,402,584
117,High Point,30,14,16,.467,-6.75,-6.38,,9,9,,11,4,,3,11,,2126,1993,,1205,775,1691,.458,163,456,.357,413,588,.702,324,1039,353,222,82,375,545
118,Hofstra,31,19,12,.613,-0.53,-1.60,,12,6,,9,4,,9,4,,2464,2397,,1245,868,1868,.465,260,693,.375,468,686,.682,341,1103,413,156,83,334,576
119,Holy Cross,31,12,19,.387,-9.92,-5.82,,8,10,,6,7,,6,10,,1972,2099,,1250,724,1569,.461,203,623,.326,321,465,.690,178,880,421,193,105,381,537
120,Houston Baptist,31,6,25,.194,-16.14,-3.97,,2,16,,5,8,,1,16,,2382,2617,,1250,860,2058,.418,219,677,.323,443,710,.624,477,1219,432,206,90,438,605
121,Houston NCAA,35,27,8,.771,15.99,4.16,,14,4,,15,0,,6,5,,2685,2271,,1400,952,2066,.461,297,768,.387,484,674,.718,408,1352,505,218,106,418,737
122,Howard,33,10,23,.303,-17.26,-9.74,,7,9,,7,4,,2,18,,2449,2654,,1345,847,1997,.424,268,772,.347,487,688,.708,372,1153,407,178,93,442,676
123,Idaho State,30,14,16,.467,-5.76,-3.69,,9,9,,9,5,,5,10,,2211,2232,,1200,778,1639,.475,252,637,.396,403,594,.678,204,962,354,169,72,408,525
124,Idaho,31,22,9,.710,0.82,-3.94,,14,4,,11,2,,9,4,,2330,2134,,1245,819,1749,.468,277,679,.408,415,565,.735,309,1138,459,135,80,411,553
125,Illinois-Chicago,36,20,16,.556,-2.91,-4.21,,12,6,,11,7,,9,8,,2708,2597,,1445,951,2115,.450,242,697,.347,564,768,.734,371,1384,451,244,242,544,687
126,Illinois State,33,18,15,.545,1.07,3.67,,10,8,,11,3,,3,10,,2364,2418,,1350,813,1917,.424,301,883,.341,437,640,.683,317,1171,468,216,131,438,677
127,Illinois,32,14,18,.438,8.50,7.53,,4,14,,12,6,,1,10,,2426,2362,,1295,856,1949,.439,236,705,.335,478,653,.732,398,1053,442,240,69,425,720
128,Incarnate Word,28,7,21,.250,-17.71,-5.04,,2,16,,6,9,,1,12,,1978,2163,,1120,671,1566,.428,166,493,.337,470,630,.746,280,976,311,169,143,442,521
129,Indiana State,31,13,18,.419,1.53,2.43,,8,10,,8,7,,5,7,,2248,2253,,1275,762,1803,.423,270,748,.361,454,644,.705,322,1124,360,233,105,445,614
130,Indiana,31,16,15,.516,9.89,8.25,,9,9,,12,6,,3,8,,2229,2178,,1255,806,1767,.456,194,602,.322,423,644,.657,345,1099,435,199,134,386,561
131,Iona NCAA,34,20,14,.588,0.75,-2.19,,11,7,,8,3,,7,8,,2702,2602,,1385,957,2076,.461,324,846,.383,462,626,.738,291,1146,542,229,103,395,587
132,Iowa State,31,13,18,.419,6.88,9.49,,4,14,,9,7,,0,10,,2258,2339,,1250,817,1870,.437,234,653,.358,390,557,.700,338,1134,423,149,129,369,508
133,Iowa,33,14,19,.424,8.13,7.13,,4,14,,9,6,,1,10,,2630,2597,,1330,946,1975,.479,252,672,.375,486,699,.695,391,1258,602,172,134,441,548
134,Purdue-Fort Wayne,33,18,15,.545,-1.48,-3.24,,7,7,,13,3,,4,10,,2716,2535,,1325,953,2073,.460,339,925,.366,471,654,.720,316,1157,484,264,110,391,538
135,IUPUI,30,11,19,.367,-9.82,-3.53,,8,10,,9,4,,2,14,,2047,2180,,1205,731,1723,.424,213,600,.355,372,559,.665,346,1022,385,205,103,427,562
136,Jackson State,32,12,20,.375,-17.66,-10.50,,9,9,,9,2,,2,17,,1991,2161,,1295,714,1921,.372,238,724,.329,325,497,.654,401,1087,350,235,89,368,651
137,Jacksonville State,36,23,13,.639,-0.30,-4.87,,11,7,,12,4,,9,8,,2587,2369,,1450,954,2091,.456,211,650,.325,468,657,.712,412,1371,542,220,176,469,624
138,Jacksonville,33,15,18,.455,-13.39,-6.12,,8,6,,10,6,,3,12,,2405,2482,,1345,897,1993,.450,202,601,.336,409,622,.658,330,1180,415,226,112,472,536
139,James Madison,32,10,22,.313,-5.47,-2.15,,6,12,,7,7,,3,11,,2341,2414,,1310,812,1933,.420,231,695,.332,486,667,.729,361,1148,388,228,104,383,670
140,Kansas State NCAA,37,25,12,.676,12.85,8.74,,10,8,,14,3,,6,5,,2630,2478,,1485,937,2025,.463,254,745,.341,502,684,.734,304,1136,510,294,110,423,684
141,Kansas NCAA,39,31,8,.795,21.39,11.88,,13,5,,14,3,,8,3,,3174,2803,,1565,1165,2366,.492,391,974,.401,453,640,.708,381,1388,649,254,160,456,597
142,Kennesaw State,30,10,20,.333,-11.17,-4.31,,6,8,,8,6,,2,14,,2182,2328,,1205,805,1771,.455,160,438,.365,412,597,.690,307,987,446,216,93,409,540
143,Kent State,34,17,17,.500,-3.73,-1.76,,9,9,,13,3,,2,11,,2482,2502,,1370,871,2049,.425,255,782,.326,485,666,.728,390,1220,393,201,122,442,638
144,Kentucky NCAA,37,26,11,.703,17.24,10.73,,10,8,,16,2,,4,6,,2840,2599,,1485,998,2115,.472,195,546,.357,649,930,.698,441,1431,489,208,176,480,702
145,La Salle,32,13,19,.406,1.70,2.54,,7,11,,10,4,,2,10,,2333,2360,,1315,817,1905,.429,234,710,.330,465,591,.787,293,1124,410,189,90,374,546
146,Lafayette,31,10,21,.323,-9.77,-6.04,,7,11,,8,6,,2,14,,2207,2307,,1245,777,1709,.455,263,708,.371,390,507,.769,210,1026,386,131,103,411,515
147,Lamar,33,19,14,.576,-5.19,-7.23,,11,7,,11,4,,8,7,,2500,2296,,1340,873,2026,.431,257,750,.343,497,757,.657,426,1246,449,281,75,430,654
148,Lehigh,30,16,14,.533,-6.41,-5.65,,11,7,,9,6,,7,8,,2336,2333,,1230,835,1845,.453,293,721,.406,373,480,.777,269,1074,428,184,53,380,553
149,Liberty,37,22,15,.595,-2.68,-6.24,,9,9,,13,7,,7,6,,2621,2353,,1510,899,1948,.461,300,805,.373,523,660,.792,271,1239,521,218,94,438,613
150,Lipscomb NCAA,33,23,10,.697,-2.10,-3.80,,10,4,,13,2,,10,7,,2708,2564,,1340,924,2040,.453,267,813,.328,593,826,.718,346,1276,517,216,102,493,656
151,Cal State Long Beach,33,15,18,.455,-3.76,0.89,,9,7,,8,5,,6,10,,2485,2586,,1330,866,1917,.452,196,558,.351,557,765,.728,381,1195,419,218,119,501,592
152,Long Island University NCAA,35,18,17,.514,-8.60,-8.19,,10,8,,12,4,,5,11,,2696,2674,,1405,935,2055,.455,279,815,.342,547,786,.696,370,1327,442,194,111,496,687
153,Longwood,33,7,26,.212,-18.31,-4.31,,3,15,,5,11,,2,13,,2088,2445,,1320,728,1764,.413,226,691,.327,406,591,.687,262,1070,327,218,103,516,575
154,Louisiana,34,27,7,.794,7.58,-2.55,,16,2,,14,1,,10,4,,2829,2408,,1365,971,2093,.464,297,818,.363,590,775,.761,435,1325,591,255,147,455,648
155,Louisiana-Monroe,32,16,16,.500,-6.28,-3.31,,9,9,,12,4,,3,11,,2235,2187,,1290,811,1863,.435,288,801,.360,325,453,.717,297,1077,446,207,42,380,535
156,Louisiana State,33,18,15,.545,10.93,8.02,,8,10,,14,4,,3,8,,2559,2463,,1325,916,1926,.476,268,774,.346,459,628,.731,317,1101,467,252,110,382,585
157,Louisiana Tech,33,17,16,.515,1.33,-0.12,,7,11,,11,5,,2,10,,2468,2331,,1325,838,1877,.446,287,765,.375,505,697,.725,314,1137,470,196,132,405,568
158,Louisville,36,22,14,.611,14.30,9.07,,9,9,,16,6,,4,7,,2721,2533,,1460,969,2140,.453,280,754,.371,503,683,.736,358,1317,489,251,217,425,585
159,Loyola (IL) NCAA,38,32,6,.842,10.37,1.80,,15,3,,14,1,,9,4,,2721,2377,,1520,995,1963,.507,277,700,.396,454,626,.725,238,1222,594,241,90,472,528
160,Loyola Marymount,31,11,20,.355,-4.34,1.09,,5,13,,7,7,,3,12,,2226,2369,,1250,803,1813,.443,200,574,.348,421,593,.710,375,1011,439,216,72,407,607
161,Loyola (MD),31,9,22,.290,-12.71,-5.25,,6,12,,8,6,,1,16,,2154,2326,,1255,797,1820,.438,163,509,.320,397,608,.653,332,1076,360,218,97,414,614
162,Maine,32,6,26,.188,-14.64,-3.27,,3,13,,4,8,,2,16,,2140,2408,,1295,765,1873,.408,225,745,.302,385,559,.689,306,1131,378,206,94,496,624
163,Manhattan,31,14,17,.452,-5.04,-4.13,,9,9,,8,3,,5,8,,2147,2175,,1260,737,1661,.444,239,598,.400,434,625,.694,319,1030,433,186,121,482,616
164,Marist,31,6,25,.194,-12.48,-3.57,,4,14,,4,9,,2,10,,2239,2515,,1260,761,1710,.445,280,802,.349,437,612,.714,233,1041,369,130,77,488,547
165,Marquette,35,21,14,.600,12.50,9.70,,9,9,,13,7,,5,5,,2846,2748,,1415,989,2081,.475,385,924,.417,483,600,.805,315,1114,551,214,128,431,679
166,Marshall NCAA,36,25,11,.694,4.21,0.44,,12,6,,15,2,,6,8,,3017,2849,,1455,1042,2232,.467,362,1012,.358,571,747,.764,293,1287,615,252,209,476,617
167,Maryland-Baltimore County NCAA,36,25,11,.694,-2.02,-3.84,,12,4,,15,2,,9,7,,2630,2466,,1440,926,2088,.443,364,940,.387,414,641,.646,348,1245,547,269,87,440,592
168,Maryland-Eastern Shore,32,7,25,.219,-24.63,-7.56,,3,13,,6,5,,0,18,,1992,2473,,1280,710,1844,.385,206,725,.284,366,542,.675,348,1065,347,151,57,417,548
169,Maryland,32,19,13,.594,13.78,7.94,,8,10,,15,3,,2,8,,2338,2140,,1285,811,1696,.478,229,617,.371,487,645,.755,305,1149,452,138,137,438,512
170,Massachusetts-Lowell,30,12,18,.400,-9.53,-5.77,,6,10,,9,7,,3,11,,2286,2356,,1205,791,1719,.460,215,621,.346,489,690,.709,281,969,435,210,86,405,538
171,Massachusetts,33,13,20,.394,-1.65,1.10,,5,13,,11,6,,1,11,,2374,2465,,1350,861,1918,.449,293,732,.400,359,481,.746,300,1084,505,159,98,423,595
172,McNeese State,29,12,17,.414,-12.06,-6.10,,8,10,,7,5,,5,12,,2184,2209,,1170,780,1787,.436,205,597,.343,419,590,.710,326,1144,327,156,133,416,505
173,Memphis,34,21,13,.618,1.81,2.16,,10,8,,14,5,,5,5,,2408,2420,,1380,828,1832,.452,201,634,.317,551,798,.690,391,1166,443,201,129,467,583
174,Mercer,34,19,15,.559,-0.87,-3.50,,11,7,,11,3,,7,9,,2561,2373,,1380,878,1854,.474,288,749,.385,517,680,.760,330,1176,490,182,55,424,582
175,Miami (FL) NCAA,32,22,10,.688,12.83,6.96,,11,7,,11,3,,8,4,,2361,2173,,1290,875,1881,.465,247,678,.364,362,547,.662,318,1113,424,210,130,367,518
176,Miami (OH),34,16,18,.471,-3.56,-1.15,,8,10,,9,5,,6,11,,2449,2404,,1390,886,2006,.442,301,878,.343,376,548,.686,339,1232,453,257,88,453,569
177,Michigan State NCAA,35,30,5,.857,22.41,7.10,,16,2,,16,1,,8,1,,2807,2271,,1405,991,1996,.496,290,725,.400,535,716,.747,405,1439,670,143,251,459,640
178,Michigan NCAA,41,33,8,.805,19.03,9.41,,13,5,,15,1,,6,5,,3019,2596,,1655,1092,2335,.468,361,1011,.357,474,717,.661,345,1367,585,261,126,379,643
179,Middle Tennessee,33,25,8,.758,10.29,2.83,,16,2,,12,2,,12,2,,2479,2188,,1330,902,1914,.471,241,648,.372,434,585,.742,346,1182,468,201,76,413,651
180,Milwaukee,33,16,17,.485,-4.15,-4.25,,8,10,,9,7,,6,9,,2259,2260,,1330,834,1872,.446,235,704,.334,356,528,.674,291,1146,429,196,125,412,545
181,Minnesota,32,15,17,.469,7.00,6.91,,4,14,,11,6,,2,9,,2405,2402,,1295,850,1971,.431,218,630,.346,487,692,.704,371,1221,467,181,163,352,492
182,Mississippi State,37,25,12,.676,11.71,6.82,,9,9,,19,2,,4,8,,2716,2507,,1490,1000,2151,.465,256,802,.319,460,666,.691,398,1335,491,243,198,483,614
183,Mississippi Valley State,32,4,28,.125,-21.41,-8.13,,4,14,,3,6,,1,21,,2075,2500,,1300,758,1979,.383,171,568,.301,388,575,.675,395,1138,327,186,56,421,658
184,Mississippi,32,12,20,.375,6.85,9.16,,5,13,,10,8,,1,10,,2426,2500,,1300,841,1999,.421,251,788,.319,493,675,.730,395,1215,468,200,131,365,609
185,Kansas City,32,10,22,.313,-10.19,-1.02,,5,9,,6,8,,3,11,,2251,2447,,1285,756,1859,.407,284,845,.336,455,640,.711,260,1018,354,202,81,411,681
186,Missouri State,33,18,15,.545,3.06,0.43,,7,11,,10,5,,4,8,,2313,2197,,1325,851,1953,.436,234,707,.331,377,527,.715,390,1276,425,153,134,382,575
187,Missouri NCAA,33,20,13,.606,13.81,9.19,,10,8,,13,3,,5,6,,2399,2246,,1330,794,1765,.450,306,799,.383,505,688,.734,333,1225,443,170,140,469,594
188,Monmouth,31,11,20,.355,-2.41,-1.25,,7,11,,6,6,,4,12,,2336,2372,,1280,787,1718,.458,223,574,.389,539,758,.711,276,1115,399,197,73,473,674
189,Montana State,32,13,19,.406,-8.69,-3.52,,6,12,,8,6,,3,12,,2434,2524,,1295,817,1929,.424,257,731,.352,543,746,.728,358,1168,401,176,66,399,645
190,Montana NCAA,34,26,8,.765,6.29,-2.24,,16,2,,14,0,,8,6,,2625,2329,,1380,944,2021,.467,186,549,.339,551,780,.706,402,1258,428,264,114,422,716
191,Morehead State,29,8,21,.276,-10.65,-1.91,,4,14,,7,6,,1,15,,2043,2204,,1165,712,1655,.430,204,631,.323,415,592,.701,339,1041,344,165,86,456,598
192,Morgan State,31,13,18,.419,-15.11,-11.98,,7,8,,8,2,,3,15,,2273,2338,,1260,787,1883,.418,161,478,.337,538,742,.725,424,1187,389,222,88,435,628
193,Mount St. Mary's,32,18,14,.563,-8.13,-8.03,,12,6,,12,3,,6,11,,2331,2301,,1295,809,1778,.455,323,853,.379,390,532,.733,214,918,449,221,125,351,492
194,Murray State NCAA,32,26,6,.813,6.87,-3.53,,16,2,,14,2,,10,3,,2515,2117,,1280,870,1803,.483,271,719,.377,504,687,.734,341,1186,471,216,104,384,559
195,Navy,32,20,12,.625,-6.91,-7.20,,11,7,,9,6,,9,6,,2199,2125,,1285,771,1737,.444,206,622,.331,451,627,.719,346,1113,450,206,41,453,553
196,Omaha,31,9,22,.290,-9.88,0.33,,4,10,,8,4,,1,15,,2373,2588,,1260,877,1913,.458,254,694,.366,365,517,.706,282,1044,405,177,83,409,498
197,Nebraska,33,22,11,.667,10.99,7.33,,13,5,,16,1,,4,8,,2386,2265,,1325,820,1906,.430,232,670,.346,514,716,.718,356,1191,446,200,183,362,565
198,Nevada-Las Vegas,33,20,13,.606,7.20,1.87,,8,10,,13,6,,5,6,,2753,2577,,1345,978,2000,.489,185,554,.334,612,868,.705,395,1333,535,184,146,473,580
199,Nevada NCAA,37,29,8,.784,14.44,4.93,,15,3,,14,1,,11,3,,3055,2703,,1500,1049,2238,.469,354,904,.392,603,812,.743,342,1316,598,230,150,357,630
200,New Hampshire,31,10,21,.323,-8.38,-4.31,,6,10,,8,7,,2,12,,2103,2085,,1240,725,1803,.402,252,776,.325,401,544,.737,357,1189,368,111,56,362,555
201,New Mexico State NCAA,34,28,6,.824,9.06,-1.10,,12,2,,14,1,,8,3,,2572,2183,,1365,963,2104,.458,258,773,.334,388,603,.643,427,1402,481,189,103,429,604
202,New Mexico,34,19,15,.559,5.81,3.30,,12,6,,13,4,,4,8,,2795,2641,,1365,939,2065,.455,367,979,.375,550,708,.777,317,1073,539,251,96,422,696
203,New Orleans,33,16,17,.485,-9.01,-5.78,,11,7,,10,3,,5,13,,2297,2322,,1325,815,1798,.453,159,444,.358,508,755,.673,374,1128,483,238,116,498,622
204,Niagara,33,19,14,.576,-4.84,-4.21,,12,6,,9,5,,10,7,,2748,2769,,1330,944,2124,.444,272,758,.359,588,808,.728,396,1286,397,171,145,373,579
205,Nicholls State,32,21,11,.656,-3.54,-5.86,,15,3,,12,3,,9,7,,2641,2411,,1280,941,1994,.472,260,729,.357,499,696,.717,353,1189,474,307,126,490,712
206,NJIT,30,14,16,.467,-7.25,-5.53,,7,7,,10,7,,4,9,,2248,2197,,1210,808,1803,.448,236,653,.361,396,579,.684,331,1063,417,246,97,399,556
207,Norfolk State,33,14,19,.424,-12.99,-10.19,,11,5,,8,6,,5,11,,2399,2417,,1325,858,1992,.431,254,707,.359,429,639,.671,411,1270,450,206,114,507,693
208,North Carolina-Asheville,34,21,13,.618,-3.92,-3.58,,13,5,,14,2,,7,10,,2557,2499,,1385,912,1921,.475,277,703,.394,456,615,.741,280,1152,522,252,114,468,628
209,North Carolina A&T,35,20,15,.571,-12.58,-11.22,,11,5,,12,0,,5,13,,2623,2605,,1415,929,2010,.462,213,707,.301,552,776,.711,348,1252,534,212,80,482,629
210,North Carolina Central NCAA,35,19,16,.543,-13.18,-12.31,,9,7,,12,2,,3,13,,2520,2425,,1405,949,2060,.461,212,640,.331,410,597,.687,415,1336,545,179,117,495,650
211,North Carolina-Greensboro NCAA,35,27,8,.771,4.54,-3.87,,15,3,,16,1,,8,6,,2562,2189,,1430,924,2075,.445,331,938,.353,383,549,.698,418,1307,487,267,132,481,650
212,North Carolina State NCAA,33,21,12,.636,12.91,6.70,,11,7,,16,3,,4,5,,2682,2477,,1325,965,2054,.470,263,707,.372,489,703,.696,401,1176,531,244,122,400,609
213,North Carolina-Wilmington,32,11,21,.344,-7.52,-1.15,,7,11,,8,5,,2,11,,2542,2668,,1305,920,2109,.436,244,705,.346,458,664,.690,447,1310,488,164,67,414,586
214,North Carolina NCAA,37,26,11,.703,20.07,11.78,,11,7,,12,3,,6,5,,3018,2711,,1485,1105,2417,.457,305,849,.359,503,677,.743,511,1570,674,213,151,445,587
215,North Dakota State,32,15,17,.469,-1.86,-1.58,,5,9,,8,6,,5,10,,2382,2264,,1285,837,1783,.469,294,778,.378,414,544,.761,232,1102,422,145,76,402,556
216,North Dakota,32,12,20,.375,-7.63,-0.19,,6,12,,7,6,,2,13,,2427,2612,,1305,863,1879,.459,233,685,.340,468,663,.706,225,984,411,253,59,417,605
217,North Florida,33,14,19,.424,-11.40,-1.74,,7,7,,10,2,,4,17,,2668,2873,,1325,939,2058,.456,357,945,.378,433,570,.760,312,1159,490,173,126,478,505
218,North Texas,38,20,18,.526,1.16,-0.40,,8,10,,14,6,,6,11,,2828,2703,,1540,1012,2243,.451,302,849,.356,502,761,.660,422,1451,476,195,112,495,723
219,Northeastern,33,23,10,.697,3.64,-1.61,,14,4,,12,2,,9,5,,2472,2270,,1335,859,1776,.484,302,804,.376,452,617,.733,258,1083,523,220,82,450,575
220,Northern Arizona,32,5,27,.156,-14.67,-1.04,,2,16,,2,10,,3,14,,2100,2512,,1290,698,1750,.399,178,584,.305,526,750,.701,320,1074,314,180,100,497,632
221,Northern Colorado,38,26,12,.684,3.67,-2.27,,11,7,,14,3,,7,8,,3080,2776,,1535,1104,2347,.470,334,930,.359,540,784,.689,361,1430,454,203,139,465,722
222,Northern Illinois,32,13,19,.406,-6.71,-1.71,,6,12,,11,4,,1,13,,2319,2407,,1285,849,1860,.456,169,512,.330,452,623,.726,315,1102,295,213,58,378,594
223,Northern Iowa,32,16,16,.500,4.00,3.87,,7,11,,12,4,,1,9,,2056,1990,,1285,720,1714,.420,229,684,.335,387,537,.721,267,1109,345,166,80,364,482
224,Northern Kentucky,32,22,10,.688,4.83,-4.07,,15,3,,12,2,,8,6,,2486,2112,,1280,898,1892,.475,258,756,.341,432,591,.731,308,1176,523,236,103,399,586
225,Northwestern State,29,4,25,.138,-21.02,-4.18,,1,17,,1,11,,3,13,,1868,2264,,1160,692,1678,.412,125,448,.279,359,588,.611,359,1036,279,180,122,496,573
226,Northwestern,32,15,17,.469,9.63,8.37,,6,12,,11,6,,3,9,,2203,2127,,1290,773,1813,.426,255,720,.354,402,538,.747,320,1059,448,156,136,374,605
227,Notre Dame,36,21,15,.583,13.64,7.92,,8,10,,11,6,,5,7,,2698,2471,,1455,945,2131,.443,300,838,.358,508,670,.758,384,1324,520,208,131,355,470
228,Oakland,33,19,14,.576,-1.82,-3.76,,10,8,,11,4,,7,8,,2580,2516,,1330,884,1966,.450,275,782,.352,537,697,.770,327,1203,553,200,170,434,540
229,Ohio State NCAA,34,25,9,.735,17.67,9.02,,15,3,,16,2,,6,2,,2591,2297,,1375,951,1980,.480,239,678,.353,450,616,.731,334,1245,499,209,132,399,595
230,Ohio,31,14,17,.452,-2.52,-1.65,,7,11,,11,5,,2,10,,2334,2353,,1280,839,1893,.443,244,661,.369,412,579,.712,259,1127,443,207,103,412,500
231,Oklahoma State,36,21,15,.583,12.45,9.12,,8,10,,15,6,,3,7,,2757,2637,,1450,959,2224,.431,296,851,.348,543,717,.757,463,1348,514,237,143,466,692
232,Oklahoma NCAA,32,18,14,.563,13.81,10.56,,8,10,,13,2,,2,9,,2718,2614,,1295,954,2063,.462,300,836,.359,510,684,.746,339,1229,479,208,151,428,551
233,Old Dominion,32,25,7,.781,9.27,-1.27,,15,3,,12,2,,10,3,,2347,2010,,1290,844,1888,.447,228,639,.357,431,623,.692,375,1207,483,239,139,332,509
234,Oral Roberts,32,11,21,.344,-6.66,1.05,,5,9,,8,5,,3,14,,2332,2484,,1310,879,2010,.437,220,641,.343,354,517,.685,445,1226,453,174,112,411,565
235,Oregon State,32,16,16,.500,7.31,4.56,,7,11,,12,4,,1,9,,2339,2251,,1300,830,1779,.467,192,583,.329,487,688,.708,332,1119,475,212,116,424,642
236,Oregon,36,23,13,.639,10.70,4.84,,10,8,,16,3,,4,7,,2817,2606,,1460,986,2155,.458,324,908,.357,521,683,.763,372,1262,556,248,152,434,712
237,Pacific,32,14,18,.438,-0.55,1.80,,9,9,,8,8,,6,9,,2280,2316,,1290,804,1782,.451,151,459,.329,521,715,.729,332,1086,395,197,129,368,581
238,Penn State,39,26,13,.667,15.85,7.79,,9,9,,15,4,,6,7,,2915,2601,,1570,1057,2291,.461,294,759,.387,507,722,.702,422,1385,541,282,193,463,685
239,Pennsylvania NCAA,33,24,9,.727,2.24,-3.16,,12,2,,11,3,,9,4,,2506,2274,,1355,893,1948,.458,291,831,.350,429,651,.659,283,1239,508,194,92,391,566
240,Pepperdine,32,6,26,.188,-6.50,1.82,,2,16,,5,11,,0,14,,2283,2516,,1290,822,1829,.449,186,542,.343,453,646,.701,324,1077,449,155,69,376,575
241,Pittsburgh,32,8,24,.250,-1.87,8.48,,0,18,,7,11,,0,10,,1985,2316,,1290,678,1673,.405,258,795,.325,371,534,.695,247,1007,398,138,112,443,553
242,Portland State,34,20,14,.588,-0.14,-1.04,,9,9,,8,5,,10,6,,2897,2698,,1375,1034,2333,.443,300,883,.340,529,751,.704,493,1306,548,333,118,431,746
243,Portland,32,10,22,.313,-6.60,2.43,,4,14,,7,9,,3,9,,2221,2372,,1290,781,1745,.448,255,665,.383,404,596,.678,205,1014,387,165,127,383,576
244,Prairie View,34,16,18,.471,-10.13,-7.71,,12,6,,10,2,,5,15,,2559,2609,,1370,890,2043,.436,247,752,.328,532,793,.671,403,1182,439,257,103,460,748
245,Presbyterian,32,11,21,.344,-14.33,-5.53,,4,14,,8,8,,2,13,,2124,2273,,1285,749,1760,.426,276,772,.358,350,510,.686,291,1003,368,175,63,368,461
246,Princeton,29,13,16,.448,-2.44,-1.97,,5,9,,7,5,,5,9,,2106,2083,,1200,753,1661,.453,287,767,.374,313,443,.707,220,949,367,137,90,334,504
247,Providence NCAA,35,21,14,.600,11.12,10.23,,10,8,,13,4,,4,7,,2575,2544,,1425,899,2037,.441,223,671,.332,554,787,.704,369,1247,485,238,128,430,624
248,Purdue NCAA,37,30,7,.811,23.41,8.74,,15,3,,16,1,,8,2,,2974,2431,,1485,1033,2097,.493,353,840,.420,555,747,.743,319,1295,598,211,180,399,580
249,Quinnipiac,33,12,21,.364,-9.50,-4.44,,7,11,,6,6,,3,12,,2364,2531,,1355,787,1864,.422,303,893,.339,487,690,.706,330,1142,404,182,86,446,566
250,Radford NCAA,36,23,13,.639,-2.62,-4.09,,12,6,,12,2,,7,10,,2422,2336,,1465,850,2000,.425,277,793,.349,445,614,.725,415,1244,442,226,105,441,596
251,Rhode Island NCAA,34,26,8,.765,11.81,4.61,,15,3,,15,1,,7,4,,2583,2338,,1370,954,2096,.455,236,670,.352,439,630,.697,389,1170,520,249,118,362,645
252,Rice,31,7,24,.226,-8.63,-0.04,,4,14,,5,10,,2,13,,2114,2347,,1250,711,1751,.406,260,818,.318,432,646,.669,327,1140,378,166,66,460,509
253,Richmond,32,12,20,.375,-0.17,3.61,,9,9,,6,9,,4,8,,2297,2418,,1295,843,1830,.461,222,664,.334,389,544,.715,251,972,486,244,77,373,518
254,Rider,32,22,10,.688,0.94,-2.65,,15,3,,12,1,,8,7,,2620,2505,,1285,932,2004,.465,243,678,.358,513,844,.608,421,1253,459,241,109,424,638
255,Robert Morris,33,16,17,.485,-7.98,-6.10,,9,9,,4,6,,9,11,,2272,2334,,1325,794,1932,.411,242,729,.332,442,663,.667,392,1176,382,256,90,489,663
256,Rutgers,34,15,19,.441,5.50,6.84,,3,15,,13,9,,0,9,,2216,2204,,1375,830,2042,.406,145,500,.290,409,635,.644,447,1316,333,240,136,397,583
257,Sacramento State,32,7,25,.219,-8.90,-0.74,,4,14,,6,9,,1,12,,2157,2358,,1285,800,1802,.444,202,570,.354,355,519,.684,268,1024,420,172,110,385,586
258,Sacred Heart,31,10,21,.323,-11.38,-6.98,,5,13,,5,9,,4,11,,2129,2237,,1245,796,1823,.437,179,599,.299,358,540,.663,374,1238,401,149,72,460,571
259,Saint Francis (PA),31,18,13,.581,-6.12,-6.71,,12,6,,11,3,,7,10,,2450,2355,,1260,860,1845,.466,250,670,.373,480,630,.762,276,1046,416,209,72,359,496
260,Saint Joseph's,32,16,16,.500,3.78,1.90,,10,8,,10,3,,4,9,,2371,2311,,1290,826,1953,.423,255,757,.337,464,675,.687,289,1201,447,203,91,320,497
261,Saint Louis,33,17,16,.515,2.58,2.92,,9,9,,12,6,,3,7,,2170,2157,,1325,731,1734,.422,185,573,.323,523,802,.652,388,1188,393,198,146,420,596
262,Saint Mary's (CA),36,30,6,.833,12.86,0.33,,16,2,,18,2,,11,1,,2772,2321,,1455,1014,1970,.515,284,692,.410,460,598,.769,298,1213,557,160,94,357,556
263,Saint Peter's,32,14,18,.438,-5.24,-4.37,,6,12,,8,5,,3,12,,2085,2113,,1310,740,1762,.420,253,750,.337,352,488,.721,292,1050,379,211,101,416,601
264,Sam Houston State,36,21,15,.583,-5.14,-4.80,,12,6,,14,2,,5,10,,2571,2477,,1445,900,2115,.426,257,762,.337,514,719,.715,436,1356,527,220,62,473,708
265,Samford,32,10,22,.313,-11.10,-3.37,,6,12,,8,6,,2,14,,2483,2639,,1280,870,1846,.471,289,774,.373,454,594,.764,264,974,530,230,76,435,527
266,San Diego State NCAA,33,22,11,.667,12.23,3.91,,11,7,,13,2,,5,7,,2545,2240,,1320,902,1967,.459,239,709,.337,502,702,.715,366,1250,488,206,107,394,564
267,San Diego,34,20,14,.588,2.86,0.50,,9,9,,12,7,,8,6,,2385,2264,,1370,802,1775,.452,289,794,.364,492,692,.711,253,1117,475,186,138,445,701
268,San Francisco,39,22,17,.564,1.13,1.63,,9,9,,16,6,,4,9,,2685,2681,,1570,952,2256,.422,333,986,.338,448,663,.676,395,1393,526,210,141,464,745
269,San Jose State,30,4,26,.133,-8.74,2.91,,1,17,,3,11,,1,14,,1974,2260,,1210,705,1618,.436,178,485,.367,386,558,.692,277,1073,385,135,69,488,570
270,Santa Clara,31,11,20,.355,-7.01,0.61,,8,10,,6,11,,5,5,,2048,2224,,1245,718,1674,.429,232,682,.340,380,524,.725,243,887,404,168,73,350,537
271,Savannah State,32,15,17,.469,-15.36,-5.06,,12,4,,10,2,,4,13,,2754,2991,,1295,940,2350,.400,391,1304,.300,483,694,.696,423,1222,504,301,89,448,608
272,Seattle,34,20,14,.588,-2.32,-3.09,,8,6,,16,3,,3,10,,2589,2468,,1375,881,1975,.446,312,844,.370,515,698,.738,368,1298,463,167,123,484,692
273,Seton Hall NCAA,34,22,12,.647,15.67,10.11,,10,8,,14,3,,5,6,,2701,2512,,1370,971,2073,.468,250,685,.365,509,729,.698,416,1302,527,210,117,432,614
274,Siena,32,8,24,.250,-10.46,-2.99,,4,14,,7,8,,1,15,,2166,2405,,1325,752,1790,.420,220,600,.367,442,652,.678,354,1146,355,153,104,483,641
275,South Alabama,32,14,18,.438,-5.44,-2.87,,7,11,,11,4,,2,13,,2228,2218,,1285,752,1785,.421,252,779,.323,472,674,.700,301,1165,398,171,126,479,612
276,South Carolina State,32,10,22,.313,-20.18,-8.78,,6,10,,8,5,,2,16,,2355,2660,,1290,829,1948,.426,205,614,.334,492,706,.697,366,1092,352,169,76,444,612
277,South Carolina Upstate,32,7,25,.219,-17.46,-4.35,,2,12,,6,7,,0,17,,2424,2723,,1290,881,2045,.431,328,952,.345,334,460,.726,337,1062,449,195,86,370,566
278,South Carolina,33,17,16,.515,9.45,9.23,,7,11,,10,5,,4,8,,2313,2277,,1330,756,1899,.398,240,708,.339,561,800,.701,415,1228,423,180,105,455,662
279,South Dakota State NCAA,35,28,7,.800,6.84,-0.38,,13,1,,15,0,,8,5,,2958,2599,,1415,1003,2147,.467,374,927,.403,578,759,.762,310,1360,467,172,80,353,562
280,South Dakota,35,26,9,.743,6.17,-2.60,,11,3,,13,2,,9,5,,2832,2404,,1400,1017,2136,.476,243,684,.355,555,740,.750,359,1319,463,239,69,388,592
281,South Florida,32,10,22,.313,-7.25,0.06,,3,15,,7,11,,3,10,,2026,2260,,1285,707,1690,.418,207,573,.361,405,560,.723,309,1065,379,163,76,449,546
282,Southeast Missouri State,31,14,17,.452,-8.12,-4.88,,8,10,,7,7,,6,9,,2355,2413,,1250,796,1729,.460,289,738,.392,474,650,.729,273,1005,423,178,54,388,553
283,Southeastern Louisiana,34,22,12,.647,-6.40,-6.20,,15,3,,10,3,,10,7,,2439,2357,,1360,867,1911,.454,250,712,.351,455,692,.658,359,1158,498,225,98,468,568
284,Southern California,36,24,12,.667,12.81,6.29,,12,6,,13,5,,6,5,,2798,2563,,1460,1022,2174,.470,296,788,.376,458,649,.706,369,1252,569,228,145,383,568
285,SIU Edwardsville,30,9,21,.300,-12.43,-3.36,,5,13,,4,9,,5,11,,2090,2362,,1200,734,1759,.417,212,654,.324,410,580,.707,324,1024,373,144,82,409,645
286,Southern Illinois,33,20,13,.606,1.37,0.65,,11,7,,13,3,,5,8,,2308,2280,,1340,839,1817,.462,215,604,.356,415,596,.696,281,1079,464,248,118,420,588
287,Southern Methodist,33,17,16,.515,9.08,3.66,,6,12,,13,5,,2,8,,2293,2114,,1320,814,1835,.444,281,741,.379,384,560,.686,365,1109,474,244,99,383,535
288,Southern Mississippi,34,16,18,.471,-4.26,1.31,,7,11,,11,3,,2,11,,2401,2449,,1365,872,1958,.445,254,749,.339,403,573,.703,254,1035,500,237,59,333,528
289,Southern Utah,32,13,19,.406,-7.64,-0.87,,5,13,,9,5,,2,13,,2416,2583,,1290,824,1887,.437,253,706,.358,515,698,.738,272,1084,374,166,98,408,699
290,Southern,33,15,18,.455,-14.54,-9.57,,10,8,,11,3,,4,14,,2279,2369,,1330,781,1937,.403,177,524,.338,540,793,.681,434,1285,371,187,121,435,629
291,St. Bonaventure NCAA,34,26,8,.765,8.87,2.61,,14,4,,13,1,,9,4,,2620,2407,,1380,884,1959,.451,255,661,.386,597,794,.752,344,1208,472,239,118,391,674
292,St. Francis (NY),31,13,18,.419,-12.24,-7.31,,10,8,,10,3,,3,13,,2260,2357,,1260,784,1889,.415,271,783,.346,421,591,.712,328,1046,357,225,82,390,668
293,St. John's (NY),33,16,17,.485,10.29,10.69,,4,14,,9,7,,2,7,,2412,2397,,1345,867,1999,.434,232,706,.329,446,602,.741,288,1110,422,282,172,393,614
294,Stanford,35,19,16,.543,8.08,7.14,,11,7,,14,5,,4,7,,2655,2622,,1410,925,2007,.461,233,632,.369,572,835,.685,395,1368,469,183,122,525,633
295,Stephen F. Austin NCAA,35,28,7,.800,2.66,-6.47,,14,4,,16,1,,9,5,,2819,2386,,1400,1000,2059,.486,242,651,.372,577,819,.705,402,1248,498,361,107,540,765
296,Stetson,32,12,20,.375,-12.38,-6.45,,4,10,,7,9,,5,11,,2412,2496,,1290,907,2053,.442,250,726,.344,348,518,.672,293,1099,471,228,87,350,586
297,Stony Brook,32,13,19,.406,-5.08,-2.28,,7,9,,7,7,,6,11,,2205,2249,,1290,779,1866,.417,249,757,.329,398,606,.657,367,1152,427,261,94,448,647
298,Syracuse NCAA,37,23,14,.622,12.89,10.02,,8,10,,14,5,,4,6,,2466,2360,,1500,832,1995,.417,208,655,.318,594,807,.736,442,1375,395,258,198,460,611
299,Temple,33,17,16,.515,7.25,7.79,,8,10,,8,5,,4,10,,2308,2326,,1330,845,1990,.425,271,774,.350,347,509,.682,337,1120,421,220,108,357,580
300,Tennessee-Martin,31,10,21,.323,-10.52,-4.96,,5,13,,5,9,,5,12,,2135,2253,,1255,808,1806,.447,210,650,.323,309,426,.725,308,1086,390,214,105,449,568
301,Tennessee State,30,15,15,.500,-5.34,-2.98,,10,8,,9,5,,6,9,,1997,2010,,1220,669,1574,.425,223,664,.336,436,590,.739,261,989,326,213,86,442,563
302,Tennessee Tech,33,19,14,.576,-5.83,-3.54,,10,8,,11,3,,5,10,,2413,2388,,1325,844,1924,.439,242,697,.347,483,710,.680,338,1174,471,252,108,471,649
303,Tennessee NCAA,35,26,9,.743,18.20,10.12,,13,5,,13,2,,8,4,,2584,2301,,1410,885,2012,.440,273,718,.380,541,715,.757,404,1262,550,222,156,422,680
304,Texas A&M-Corpus Christi,29,11,18,.379,-12.30,-6.57,,8,10,,7,6,,4,11,,1963,2057,,1170,691,1589,.435,149,437,.341,432,603,.716,292,1005,323,197,84,461,606
305,Texas A&M NCAA,35,22,13,.629,15.30,10.62,,9,9,,13,3,,4,7,,2631,2467,,1400,976,2121,.460,230,700,.329,449,679,.661,432,1450,538,190,209,476,574
306,Texas-Arlington,34,21,13,.618,2.20,-1.44,,10,8,,13,2,,4,10,,2640,2500,,1365,927,2054,.451,294,818,.359,492,713,.690,379,1333,545,229,143,507,617
307,Texas Christian NCAA,33,21,12,.636,16.38,9.68,,9,9,,15,3,,3,7,,2708,2487,,1345,979,1973,.496,274,694,.395,476,674,.706,368,1201,615,214,119,419,553
308,Texas-El Paso,31,11,20,.355,-5.31,-0.21,,6,12,,9,8,,2,8,,2094,2197,,1240,754,1736,.434,224,667,.336,362,542,.668,217,1036,328,129,89,381,576
309,Texas-Rio Grande Valley,33,15,18,.455,-7.73,-2.86,,6,8,,9,7,,6,10,,2490,2584,,1330,833,2061,.404,205,663,.309,619,835,.741,383,1240,499,253,110,447,724
310,Texas-San Antonio,35,20,15,.571,-1.24,-0.93,,11,7,,12,4,,6,8,,2740,2628,,1405,972,2224,.437,353,979,.361,443,656,.675,380,1394,492,218,95,440,703
311,Texas Southern NCAA,36,16,20,.444,-7.53,-5.53,,12,6,,8,2,,5,17,,2787,2859,,1450,925,2111,.438,280,781,.359,657,906,.725,372,1301,438,207,145,453,631
312,Texas State,33,15,18,.455,-5.84,-3.45,,7,11,,7,7,,6,9,,2190,2172,,1330,773,1782,.434,214,648,.330,430,651,.661,363,1144,448,179,92,442,543
313,Texas Tech NCAA,37,27,10,.730,19.38,9.60,,11,7,,17,1,,4,6,,2759,2397,,1490,964,2096,.460,252,702,.359,579,823,.704,407,1332,529,262,158,454,669
314,Texas NCAA,34,19,15,.559,13.96,10.67,,8,10,,13,4,,3,7,,2450,2338,,1410,882,2010,.439,245,766,.320,441,663,.665,361,1217,394,209,168,399,547
315,Toledo,34,23,11,.676,2.65,-1.75,,13,5,,12,4,,9,6,,2687,2532,,1360,913,1953,.467,327,815,.401,534,725,.737,319,1253,528,127,135,395,541
316,Towson,32,18,14,.563,-0.12,-3.12,,8,10,,10,4,,4,9,,2446,2279,,1300,889,1905,.467,210,582,.361,458,667,.687,398,1219,381,209,139,405,633
317,Troy,33,16,17,.485,-1.50,-2.12,,9,9,,10,4,,4,10,,2475,2408,,1330,848,1930,.439,292,866,.337,487,662,.736,319,1194,435,165,124,408,570
318,Tulane,31,14,17,.452,1.21,2.08,,5,13,,9,7,,3,8,,2269,2296,,1250,800,1779,.450,232,663,.350,437,613,.713,296,1068,483,156,126,409,557
319,Tulsa,31,19,12,.613,4.96,2.38,,12,6,,13,2,,4,7,,2277,2197,,1255,754,1730,.436,247,710,.348,522,720,.725,346,1177,391,139,68,399,495
320,UCLA NCAA,33,21,12,.636,12.07,6.86,,11,7,,14,2,,3,7,,2679,2507,,1350,927,2014,.460,310,813,.381,515,715,.720,337,1283,495,184,131,399,592
321,Utah State,34,17,17,.500,2.31,2.65,,8,10,,11,4,,2,12,,2489,2466,,1365,865,1904,.454,317,870,.364,442,627,.705,290,1131,474,170,68,441,617
322,Utah Valley,34,23,11,.676,5.08,-1.76,,10,4,,16,1,,6,9,,2657,2310,,1365,926,1919,.483,267,692,.386,538,725,.742,355,1297,549,203,140,474,558
323,Utah,35,23,12,.657,11.39,6.39,,11,7,,15,3,,6,6,,2571,2396,,1410,876,1903,.460,322,870,.370,497,655,.759,268,1174,532,180,115,414,567
324,Valparaiso,32,15,17,.469,0.63,0.93,,6,12,,8,4,,3,12,,2252,2182,,1280,781,1740,.449,213,623,.342,477,674,.708,294,1115,399,235,105,469,679
325,Vanderbilt,32,12,20,.375,8.52,10.14,,6,12,,11,7,,1,10,,2316,2368,,1290,775,1775,.437,289,819,.353,477,642,.743,312,1081,392,154,108,379,632
326,Vermont,35,27,8,.771,4.90,-3.16,,15,1,,12,2,,12,5,,2587,2277,,1400,879,1803,.488,260,649,.401,569,755,.754,268,1160,468,134,89,388,528
327,Villanova NCAA,40,36,4,.900,26.64,10.24,,14,4,,12,1,,9,3,,3463,2807,,1615,1220,2440,.500,464,1158,.401,559,718,.779,385,1436,655,259,162,426,645
328,Virginia Commonwealth,33,18,15,.545,3.55,2.43,,9,9,,11,7,,5,5,,2507,2470,,1335,921,2013,.458,274,778,.352,391,566,.691,342,1203,510,210,93,446,561
329,VMI,30,9,21,.300,-15.43,-4.25,,4,14,,6,8,,3,12,,1954,2214,,1200,688,1729,.398,225,704,.320,353,477,.740,286,1028,356,221,87,442,539
330,Virginia Tech NCAA,33,21,12,.636,14.35,6.71,,10,8,,14,4,,6,5,,2634,2382,,1335,931,1865,.499,289,745,.388,483,681,.709,246,1078,542,191,74,395,523
331,Virginia NCAA,34,31,3,.912,22.20,9.05,,17,1,,16,1,,10,1,,2283,1836,,1365,848,1844,.460,247,645,.383,340,451,.754,282,1099,458,232,124,290,480
332,Wagner,33,23,10,.697,-3.19,-6.90,,14,4,,16,1,,7,9,,2448,2256,,1325,839,1963,.427,269,769,.350,501,705,.711,446,1290,440,218,129,451,729
333,Wake Forest,31,11,20,.355,7.76,8.79,,4,14,,7,9,,3,8,,2273,2305,,1240,801,1826,.439,241,644,.374,430,583,.738,337,1108,432,181,109,407,604
334,Washington State,31,12,19,.387,0.67,5.21,,4,14,,8,8,,1,10,,2270,2411,,1250,801,1795,.446,341,905,.377,327,444,.736,258,1007,450,164,71,421,532
335,Washington,34,21,13,.618,7.62,6.06,,10,8,,16,4,,4,6,,2535,2481,,1375,900,1963,.458,230,664,.346,505,720,.701,328,1114,398,274,177,453,640
336,Weber State,31,20,11,.645,0.02,-2.87,,13,5,,12,3,,7,4,,2434,2195,,1255,846,1722,.491,280,672,.417,462,603,.766,182,1039,430,161,120,368,551
337,West Virginia NCAA,37,26,11,.703,19.89,9.38,,11,7,,14,3,,5,5,,2964,2575,,1485,1036,2374,.436,322,911,.353,570,744,.766,521,1401,561,301,192,420,798
338,Western Carolina,32,13,19,.406,-11.90,-1.63,,8,10,,8,5,,3,12,,2190,2419,,1280,774,1885,.411,234,703,.333,408,597,.683,371,1101,427,254,92,476,561
339,Western Illinois,28,12,16,.429,-11.07,-2.28,,3,11,,11,5,,1,10,,2012,2009,,1135,749,1607,.466,188,527,.357,326,456,.715,197,990,308,136,109,350,432
340,Western Kentucky,38,27,11,.711,11.08,3.64,,14,4,,14,3,,9,5,,2979,2674,,1525,1075,2183,.492,206,587,.351,623,869,.717,369,1356,515,271,140,441,569
341,Western Michigan,32,17,15,.531,-2.22,-1.99,,9,9,,10,6,,6,7,,2402,2349,,1285,845,1926,.439,233,678,.344,479,659,.727,355,1130,405,209,100,342,559
342,Wichita State NCAA,33,25,8,.758,16.58,5.46,,14,4,,13,3,,9,2,,2731,2364,,1330,957,2009,.476,300,787,.381,517,700,.739,405,1336,610,154,127,385,580
343,William & Mary,31,19,12,.613,-1.37,-1.34,,11,7,,11,3,,7,8,,2636,2531,,1255,910,1782,.511,337,777,.434,479,591,.810,209,1020,548,174,125,382,530
344,Winthrop,31,19,12,.613,-1.63,-5.85,,12,6,,11,3,,7,9,,2464,2219,,1240,859,1803,.476,296,792,.374,450,623,.722,283,1125,455,211,144,429,539
345,Wisconsin,33,15,18,.455,10.38,9.50,,7,11,,11,7,,3,8,,2206,2177,,1325,793,1770,.448,216,644,.335,404,578,.699,299,1010,411,180,117,353,543
346,Wofford,34,21,13,.618,-0.97,-2.45,,11,7,,12,5,,7,7,,2578,2405,,1360,901,1906,.473,357,865,.413,419,538,.779,272,1099,522,220,88,413,585
347,Wright State NCAA,35,25,10,.714,0.58,-3.64,,14,4,,14,2,,8,7,,2500,2307,,1410,873,2019,.432,237,703,.337,517,723,.715,356,1266,460,231,77,459,558
348,Wyoming,33,20,13,.606,4.26,3.54,,10,8,,13,4,,5,7,,2633,2597,,1365,873,1959,.446,304,881,.345,583,790,.738,231,1148,518,215,130,449,654
349,Xavier NCAA,35,29,6,.829,19.06,9.43,,15,3,,17,1,,9,2,,2953,2616,,1415,1011,2055,.492,274,736,.372,657,843,.779,345,1342,579,205,109,441,602
350,Yale,31,16,15,.516,-4.19,-2.83,,9,5,,9,3,,7,11,,2312,2288,,1250,831,1797,.462,252,759,.332,398,551,.722,275,1052,507,204,95,407,541
351,Youngstown State,32,8,24,.250,-13.66,-2.56,,6,12,,6,6,,2,13,,2410,2647,,1290,902,2110,.427,235,712,.330,371,583,.636,459,1159,445,266,126,460,672
