,,Overall,Overall,Overall,Overall,Overall,Overall,,Conf.,Conf.,,Home,Home,,Away,Away,,Points,Points,,Opponent Advanced,Opponent Advanced,Opponent Advanced,Opponent Advanced,Opponent Advanced,Opponent Advanced,Opponent Advanced,Opponent Advanced,Opponent Advanced,Opponent Advanced,Opponent Advanced,Opponent Advanced,Opponent Advanced
Rk,School,G,W,L,W-L%,SRS,SOS,,W,L,,W,L,,W,L,,Tm.,Opp.,,Pace,ORtg,FTr,3PAr,TS%,TRB%,AST%,STL%,BLK%,eFG%,TOV%,ORB%,FT/FGA
1,Abilene Christian,32,16,16,.500,-9.14,-6.82,,8,10,,9,6,,6,9,,2359,2279,,71.5,98.8,.422,.374,.540,50.3,48.1,8.9,7.5,.499,19.5,28.5,.298
2,Air Force,31,12,19,.387,-4.31,1.72,,6,12,,9,7,,3,10,,2124,2244,,67.7,106.5,.328,.431,.576,51.3,57.2,8.3,10.6,.549,18.3,27.8,.234
3,Akron,32,14,18,.438,-6.82,-1.92,,6,12,,12,4,,2,10,,2296,2411,,69.0,107.9,.383,.401,.567,50.8,51.1,9.0,11.7,.532,16.2,28.0,.277
4,Alabama A&M,31,3,28,.097,-23.97,-8.04,,3,15,,2,9,,1,18,,1873,2367,,68.2,111.5,.298,.323,.562,51.8,52.2,11.2,13.8,.540,14.4,32.4,.204
5,Alabama-Birmingham,33,20,13,.606,4.90,-0.65,,10,8,,14,3,,5,6,,2536,2303,,69.4,99.7,.263,.437,.524,45.2,53.2,10.0,7.7,.498,15.9,24.6,.183
6,Alabama State,31,8,23,.258,-18.56,-8.62,,8,10,,4,8,,4,13,,2129,2437,,70.5,111.0,.466,.352,.556,52.1,51.4,9.4,9.9,.519,15.5,34.7,.319
7,Alabama NCAA,36,20,16,.556,12.34,10.64,,8,10,,12,4,,2,8,,2604,2543,,70.2,100.6,.365,.379,.514,49.7,48.7,9.4,10.5,.478,16.0,30.8,.250
8,Albany (NY),32,22,10,.688,0.02,-5.40,,10,6,,14,3,,8,7,,2375,2182,,67.3,101.3,.278,.362,.533,44.8,53.7,8.2,10.1,.506,15.2,24.3,.195
9,Alcorn State,32,11,21,.344,-18.07,-8.60,,7,11,,9,5,,2,16,,2244,2388,,70.4,105.5,.384,.410,.541,51.6,57.6,8.9,8.8,.505,16.0,31.2,.270
10,American,30,6,24,.200,-14.63,-6.16,,3,15,,4,8,,2,16,,1961,2215,,67.3,109.3,.408,.325,.582,54.9,53.1,10.3,11.9,.549,17.8,31.0,.291
11,Appalachian State,33,15,18,.455,-4.83,-2.67,,9,9,,9,4,,4,11,,2520,2448,,72.0,101.6,.361,.328,.535,47.7,47.5,9.1,9.3,.497,15.8,25.2,.260
12,Arizona State NCAA,32,20,12,.625,14.37,6.55,,8,10,,13,4,,4,6,,2645,2395,,72.2,102.8,.327,.399,.540,51.0,57.0,7.4,9.8,.507,17.6,30.6,.235
13,Arizona NCAA,35,27,8,.771,15.67,6.84,,14,4,,15,1,,8,3,,2818,2509,,68.6,103.0,.312,.356,.534,44.4,49.8,8.8,6.8,.499,14.7,25.1,.229
14,Little Rock,32,7,25,.219,-10.45,-2.22,,4,14,,5,10,,2,14,,2038,2242,,66.6,103.7,.394,.436,.541,50.9,57.8,8.0,10.2,.509,17.4,30.5,.267
15,Arkansas-Pine Bluff,35,14,21,.400,-14.84,-9.36,,12,6,,7,3,,6,13,,2307,2499,,68.4,103.7,.447,.360,.537,56.4,58.8,11.4,5.7,.492,18.6,37.4,.318
16,Arkansas State,32,11,21,.344,-9.65,-3.02,,6,12,,7,7,,4,13,,2369,2523,,70.4,111.0,.346,.347,.585,51.4,51.7,8.0,9.3,.558,16.8,30.8,.246
17,Arkansas NCAA,35,23,12,.657,14.76,9.85,,10,8,,15,2,,3,7,,2819,2647,,71.3,105.0,.408,.416,.547,51.1,54.7,6.6,8.7,.504,16.8,31.5,.297
18,Army,30,13,17,.433,-8.62,-7.17,,6,12,,6,5,,4,12,,2230,2223,,71.7,103.0,.374,.409,.552,50.4,53.6,9.3,10.1,.516,17.5,26.7,.268
19,Auburn NCAA,34,26,8,.765,15.97,7.29,,13,5,,15,1,,7,4,,2783,2488,,73.4,99.6,.381,.396,.537,48.3,52.4,8.3,9.3,.497,18.2,27.9,.275
20,Austin Peay,34,19,15,.559,-3.28,-2.50,,12,6,,13,5,,5,9,,2512,2446,,70.1,101.9,.396,.363,.565,47.8,48.3,8.3,9.2,.530,20.2,28.8,.283
21,Ball State,32,19,13,.594,-1.22,-2.00,,10,8,,14,2,,5,10,,2410,2362,,71.1,102.6,.293,.362,.524,48.9,49.8,9.6,9.7,.491,14.6,27.3,.213
22,Baylor,34,19,15,.559,14.60,9.17,,8,10,,15,5,,2,9,,2571,2369,,68.5,100.6,.302,.384,.514,45.8,59.7,8.4,10.2,.479,14.8,29.2,.216
23,Belmont,33,24,9,.727,5.54,-2.88,,15,3,,14,2,,9,6,,2562,2284,,68.5,101.0,.268,.350,.521,48.5,45.5,8.9,10.6,.489,14.8,25.7,.198
24,Bethune-Cookman,32,18,14,.563,-12.19,-12.46,,12,4,,10,3,,8,10,,2621,2543,,77.7,101.5,.375,.337,.519,47.9,55.3,8.5,8.9,.480,15.3,30.0,.263
25,Binghamton,31,11,20,.355,-10.27,-6.34,,2,14,,7,7,,3,12,,2147,2181,,67.9,103.2,.311,.352,.543,50.4,55.1,8.4,7.5,.513,15.6,26.2,.221
26,Boise State,32,23,9,.719,11.21,3.05,,13,5,,15,1,,6,6,,2502,2210,,70.7,96.2,.296,.366,.521,44.1,51.3,8.4,9.0,.487,15.2,18.2,.215
27,Boston College,35,19,16,.543,9.00,7.20,,7,11,,14,3,,2,11,,2673,2610,,70.1,105.2,.271,.405,.548,48.4,51.5,7.9,8.5,.518,15.5,26.7,.202
28,Boston University,31,15,16,.484,-8.33,-5.83,,10,8,,6,7,,9,9,,2186,2226,,68.7,104.5,.302,.404,.552,49.9,51.8,9.3,8.3,.522,17.5,29.0,.220
29,Bowling Green State,32,16,16,.500,-6.38,-2.88,,7,11,,9,6,,6,9,,2429,2490,,71.9,106.2,.315,.364,.556,48.8,51.2,8.5,9.0,.525,15.3,26.1,.227
30,Bradley,33,20,13,.606,2.07,0.35,,9,9,,13,2,,4,9,,2223,2136,,66.3,97.7,.355,.417,.517,48.2,60.1,9.6,7.4,.474,17.8,28.5,.261
31,Brigham Young,35,24,11,.686,8.05,1.53,,11,7,,13,3,,7,6,,2600,2372,,67.9,98.7,.284,.382,.534,49.0,51.7,8.8,8.0,.513,16.7,22.5,.187
32,Brown,27,11,16,.407,-7.78,-4.67,,4,10,,8,5,,3,11,,2080,2133,,72.7,106.7,.405,.358,.574,49.3,49.4,9.1,12.1,.541,17.3,26.7,.286
33,Bryant,31,3,28,.097,-18.75,-5.42,,2,16,,1,11,,2,17,,2169,2582,,71.0,116.9,.330,.407,.598,55.3,54.3,9.1,11.7,.576,15.4,34.0,.231
34,Bucknell NCAA,35,25,10,.714,4.49,-3.46,,16,2,,15,1,,10,8,,2837,2559,,72.4,99.5,.345,.317,.514,49.2,49.2,9.0,9.3,.478,15.0,27.4,.240
35,Buffalo NCAA,36,27,9,.750,7.99,0.25,,15,3,,14,1,,8,5,,3047,2742,,73.9,102.0,.395,.334,.530,48.6,44.3,7.7,9.7,.484,16.1,28.9,.290
36,Butler NCAA,35,21,14,.600,16.92,10.55,,9,9,,14,3,,3,7,,2763,2540,,69.6,102.1,.353,.376,.557,48.7,50.2,7.2,8.9,.519,17.5,24.1,.262
37,Cal Poly,31,9,22,.290,-11.56,-1.83,,4,12,,7,6,,1,13,,2082,2302,,66.6,108.8,.331,.332,.556,52.5,54.9,8.6,10.4,.520,14.3,29.2,.247
38,Cal State Bakersfield,30,12,18,.400,-6.58,-0.73,,5,9,,8,4,,3,12,,1981,2068,,67.4,102.2,.416,.434,.541,48.6,57.7,8.9,7.8,.502,17.5,28.6,.292
39,Cal State Fullerton NCAA,32,20,12,.625,-0.93,-1.03,,10,6,,9,4,,7,7,,2318,2245,,69.9,99.5,.348,.341,.518,48.9,51.6,8.0,9.3,.472,16.0,27.5,.263
40,Cal State Northridge,30,6,24,.200,-13.50,-3.53,,3,13,,4,9,,2,13,,1983,2206,,66.5,109.3,.329,.315,.553,54.0,53.4,8.7,9.4,.520,14.3,31.8,.238
41,UC-Davis,33,22,11,.667,0.87,-1.84,,12,4,,10,2,,9,7,,2388,2241,,67.3,97.9,.364,.378,.529,51.6,54.6,9.0,9.3,.486,19.3,29.3,.268
42,UC-Irvine,35,18,17,.514,-0.22,-0.34,,11,5,,7,5,,7,10,,2440,2350,,68.5,97.3,.400,.348,.492,45.0,51.0,7.9,6.8,.446,13.3,24.5,.279
43,UC-Riverside,31,9,22,.290,-8.50,-1.54,,4,12,,6,8,,3,13,,2024,2163,,69.8,99.6,.373,.398,.517,52.3,55.6,9.6,8.8,.479,17.1,31.1,.259
44,UC-Santa Barbara,32,23,9,.719,2.10,-3.37,,11,5,,12,2,,9,6,,2425,2211,,68.1,101.1,.289,.355,.522,47.9,55.2,5.3,6.7,.492,14.8,25.8,.202
45,University of California,32,8,24,.250,-3.40,6.05,,2,16,,5,12,,3,8,,2166,2483,,70.6,109.6,.381,.391,.582,49.5,60.3,8.5,9.3,.550,17.2,30.7,.275
46,Campbell,34,18,16,.529,-5.68,-6.68,,10,8,,14,4,,4,11,,2581,2412,,68.6,102.6,.327,.359,.540,51.5,49.4,8.9,8.7,.506,16.0,26.5,.235
47,Canisius,33,21,12,.636,0.44,-4.80,,15,3,,11,3,,8,8,,2519,2346,,69.9,101.4,.376,.353,.545,50.5,47.2,7.5,7.9,.505,18.9,30.4,.276
48,Central Arkansas,35,18,17,.514,-5.83,-5.97,,10,8,,9,5,,8,11,,2819,2766,,74.3,104.5,.382,.321,.536,52.5,51.3,9.5,7.9,.504,16.5,32.8,.258
49,Central Connecticut State,32,14,18,.438,-11.62,-7.59,,7,11,,8,4,,6,14,,2171,2300,,66.3,106.3,.301,.408,.541,47.7,52.1,10.1,6.8,.513,14.5,28.3,.211
50,Central Florida,32,19,13,.594,4.76,3.76,,9,9,,12,4,,5,6,,2007,1975,,64.9,94.7,.262,.340,.491,49.5,55.8,9.7,11.2,.457,16.4,28.6,.189
51,Central Michigan,36,21,15,.583,-1.39,-3.24,,7,11,,12,5,,6,9,,2835,2661,,69.1,105.1,.261,.420,.545,49.3,50.7,8.0,11.3,.518,16.0,29.6,.189
52,Charleston Southern,31,15,16,.484,-8.16,-6.16,,9,9,,9,6,,6,10,,2232,2133,,67.5,100.3,.340,.451,.559,48.8,57.4,8.7,8.4,.521,20.2,27.3,.256
53,Charlotte,29,6,23,.207,-10.13,0.27,,2,16,,4,11,,2,12,,2066,2317,,72.2,110.2,.321,.355,.570,51.3,48.9,10.6,9.6,.543,15.4,28.6,.228
54,Chattanooga,33,10,23,.303,-11.09,-4.05,,3,15,,8,8,,1,14,,2289,2424,,67.4,107.0,.279,.345,.569,50.8,49.0,10.4,11.2,.540,16.8,27.0,.209
55,Chicago State,32,3,29,.094,-21.53,1.17,,1,13,,3,8,,0,19,,2171,2756,,74.0,116.4,.418,.389,.603,54.5,61.4,8.8,10.7,.575,16.6,33.5,.295
56,Cincinnati NCAA,36,31,5,.861,20.25,3.53,,16,2,,15,1,,9,2,,2673,2071,,66.1,87.0,.268,.378,.465,44.4,48.8,7.5,7.8,.433,18.8,27.9,.183
57,The Citadel,32,11,21,.344,-13.64,-2.95,,5,13,,7,8,,3,12,,2639,2819,,79.6,109.8,.292,.430,.583,53.9,60.5,9.6,13.3,.558,18.3,32.8,.211
58,Clemson NCAA,35,25,10,.714,17.16,9.25,,11,7,,15,1,,4,6,,2584,2307,,67.5,96.9,.272,.374,.503,48.3,48.5,8.4,10.6,.472,15.2,26.0,.190
59,Cleveland State,35,12,23,.343,-10.82,-3.64,,6,12,,7,7,,2,15,,2402,2613,,69.2,107.1,.308,.396,.555,55.7,56.4,7.5,10.4,.527,17.2,33.0,.220
60,Coastal Carolina,32,14,18,.438,-3.94,-2.42,,8,10,,7,9,,5,7,,2298,2241,,69.0,100.8,.374,.445,.523,45.8,56.9,10.1,6.0,.480,15.2,26.9,.271
61,Colgate,33,19,14,.576,-4.85,-5.72,,12,6,,13,3,,6,11,,2394,2315,,67.5,104.0,.283,.400,.556,51.0,52.6,7.6,9.7,.526,17.1,26.7,.209
62,College of Charleston NCAA,34,26,8,.765,1.83,-3.29,,14,4,,14,0,,7,6,,2536,2331,,65.9,102.1,.316,.364,.531,50.4,49.8,6.1,9.3,.495,15.5,27.6,.233
63,Colorado State,32,11,21,.344,-3.86,3.79,,4,14,,8,8,,3,10,,2314,2537,,71.4,109.7,.353,.439,.566,49.3,57.2,8.6,6.5,.537,15.3,28.0,.249
64,Colorado,32,17,15,.531,6.06,7.00,,8,10,,12,3,,1,10,,2307,2337,,69.5,103.9,.340,.389,.527,47.6,45.8,10.4,11.0,.493,13.3,26.3,.239
65,Columbia,27,8,19,.296,-5.63,-3.02,,5,9,,7,5,,1,14,,2062,2085,,71.0,107.8,.314,.445,.564,51.0,56.0,8.4,7.6,.533,16.1,28.6,.230
66,Connecticut,32,14,18,.438,1.08,6.05,,7,11,,11,5,,2,9,,2181,2340,,67.1,107.2,.339,.426,.543,51.8,54.7,7.5,8.3,.511,15.7,32.8,.239
67,Coppin State,32,5,27,.156,-20.96,-7.24,,5,11,,4,6,,1,20,,1945,2384,,69.1,105.7,.376,.386,.533,55.2,55.4,8.0,10.7,.492,15.3,31.9,.273
68,Cornell,28,12,16,.429,-8.80,-3.24,,6,8,,8,4,,4,11,,2124,2250,,70.7,110.7,.289,.371,.554,52.0,50.3,9.2,10.4,.525,13.6,30.2,.210
69,Creighton NCAA,33,21,12,.636,16.35,8.10,,10,8,,16,2,,4,7,,2756,2444,,72.8,100.9,.245,.375,.523,49.0,50.7,8.3,8.8,.496,14.2,24.0,.176
70,Dartmouth,27,7,20,.259,-10.31,-4.00,,3,11,,6,6,,1,14,,1841,1970,,67.8,107.2,.249,.407,.568,51.5,52.2,9.1,8.7,.537,16.3,26.7,.195
71,Davidson NCAA,33,21,12,.636,11.02,2.57,,13,5,,11,1,,6,8,,2519,2240,,65.3,102.8,.296,.417,.538,49.2,52.0,7.3,8.6,.512,14.5,23.3,.203
72,Dayton,31,14,17,.452,1.64,2.71,,8,10,,12,4,,1,10,,2244,2277,,67.0,108.0,.292,.390,.570,50.3,55.5,8.8,7.9,.544,16.3,27.6,.209
73,Delaware State,32,4,28,.125,-24.57,-9.30,,2,14,,4,9,,0,18,,2034,2458,,66.9,113.1,.355,.446,.577,51.8,56.5,11.0,8.9,.550,16.1,33.6,.249
74,Delaware,33,14,19,.424,-6.93,-2.96,,6,12,,7,8,,4,10,,2338,2428,,67.0,109.0,.301,.388,.556,49.8,52.1,7.9,7.6,.527,13.4,26.2,.218
75,Denver,30,15,15,.500,-5.21,-2.53,,8,6,,10,4,,3,9,,2192,2189,,68.7,104.4,.360,.434,.544,45.6,44.2,9.5,7.4,.507,14.3,23.9,.260
76,DePaul,31,11,20,.355,6.55,8.45,,4,14,,6,10,,4,7,,2230,2289,,71.2,103.3,.323,.431,.555,48.3,58.8,9.9,7.2,.520,17.8,28.1,.240
77,Detroit Mercy,32,8,24,.250,-12.47,-2.07,,4,14,,5,11,,2,11,,2516,2743,,75.4,113.3,.374,.378,.586,52.5,54.7,8.7,11.5,.557,15.6,31.4,.265
78,Drake,34,17,17,.500,-0.51,0.58,,10,8,,11,3,,4,11,,2506,2495,,69.3,103.6,.243,.378,.539,51.6,54.3,8.4,10.4,.515,15.1,26.8,.172
79,Drexel,33,13,20,.394,-7.20,-2.48,,6,12,,9,5,,2,11,,2454,2591,,70.1,110.3,.310,.327,.550,50.1,49.8,9.2,8.3,.521,13.7,30.9,.219
80,Duke NCAA,37,29,8,.784,24.43,9.70,,13,5,,15,1,,6,5,,3121,2576,,70.6,97.9,.223,.368,.493,44.5,56.1,8.0,6.7,.464,14.8,29.7,.162
81,Duquesne,32,16,16,.500,-1.08,-3.33,,7,11,,13,6,,2,7,,2317,2245,,66.5,103.1,.364,.324,.540,48.8,56.2,7.9,8.4,.508,16.2,28.9,.252
82,East Carolina,30,10,20,.333,-8.72,-0.22,,4,14,,8,11,,2,8,,1993,2248,,68.8,107.5,.311,.352,.542,52.1,58.2,9.5,9.1,.515,14.8,32.5,.213
83,East Tennessee State,34,25,9,.735,3.72,-4.09,,14,4,,12,4,,11,4,,2556,2241,,69.7,94.6,.322,.406,.504,47.1,48.2,8.7,8.7,.468,18.4,27.8,.226
84,Eastern Illinois,31,12,19,.387,-8.33,-3.40,,7,11,,7,6,,4,12,,2065,2120,,66.4,102.6,.325,.379,.541,50.1,56.2,9.4,9.0,.509,17.3,29.6,.232
85,Eastern Kentucky,31,11,20,.355,-10.57,-3.68,,5,13,,6,7,,5,12,,2230,2371,,69.8,109.1,.344,.363,.566,52.0,55.9,10.0,9.3,.542,16.4,31.1,.232
86,Eastern Michigan,35,22,13,.629,-0.23,-2.81,,11,7,,14,3,,7,9,,2509,2339,,67.5,97.9,.298,.393,.509,50.3,63.4,10.0,8.2,.473,18.0,32.0,.215
87,Eastern Washington,35,20,15,.571,-0.03,-1.54,,13,5,,11,1,,6,12,,2619,2520,,69.2,103.3,.359,.339,.543,50.4,52.5,7.9,6.5,.507,15.1,24.2,.258
88,Elon,32,14,18,.438,-6.89,-1.69,,6,12,,8,5,,4,12,,2346,2437,,68.0,108.6,.225,.442,.540,51.8,47.1,9.3,10.0,.519,12.7,27.9,.158
89,Evansville,32,17,15,.531,0.68,1.35,,7,11,,15,3,,2,10,,2094,2045,,65.7,96.8,.321,.429,.523,49.2,56.2,10.8,11.3,.492,18.3,25.5,.221
90,Fairfield,33,17,16,.515,-4.98,-3.68,,9,9,,10,3,,3,10,,2506,2549,,72.1,105.1,.368,.355,.557,51.7,47.6,8.2,8.2,.525,16.7,26.9,.260
91,Fairleigh Dickinson,31,13,18,.419,-10.41,-5.66,,9,9,,8,5,,5,13,,2313,2350,,71.8,105.6,.345,.381,.545,51.7,55.9,9.3,7.1,.506,17.3,34.4,.257
92,Florida A&M,34,9,25,.265,-19.21,-8.33,,7,9,,6,4,,2,20,,2343,2684,,69.5,111.6,.359,.344,.566,54.8,49.3,8.9,8.1,.535,16.2,36.3,.254
93,Florida Atlantic,31,12,19,.387,-5.35,-0.14,,6,12,,7,7,,4,10,,2155,2172,,70.9,98.4,.319,.320,.516,49.4,47.1,9.1,6.5,.484,15.7,26.6,.221
94,Florida Gulf Coast,35,23,12,.657,1.94,-5.44,,12,2,,14,6,,9,6,,2847,2515,,73.3,98.0,.340,.391,.517,46.2,51.1,9.5,6.8,.486,16.9,27.0,.229
95,Florida International,32,14,18,.438,-4.30,-1.99,,8,10,,11,7,,3,9,,2262,2278,,69.8,99.6,.349,.385,.531,52.2,53.9,6.8,8.8,.499,17.9,27.9,.239
96,Florida State NCAA,35,23,12,.657,15.78,8.50,,9,9,,13,2,,4,7,,2806,2551,,72.2,99.6,.324,.377,.519,48.2,48.7,8.0,7.7,.484,16.7,29.3,.231
97,Florida NCAA,34,21,13,.618,16.66,10.08,,11,7,,12,5,,5,4,,2577,2353,,68.4,100.0,.323,.334,.524,51.5,47.4,6.4,8.5,.486,17.3,30.3,.236
98,Fordham,31,9,22,.290,-6.74,1.26,,4,14,,8,9,,1,10,,1931,2179,,66.8,104.4,.304,.336,.548,57.4,61.5,8.6,11.2,.523,18.1,32.8,.208
99,Fresno State,32,21,11,.656,8.17,1.84,,11,7,,12,5,,8,5,,2459,2201,,68.5,99.2,.381,.348,.540,48.1,50.5,7.1,7.6,.498,17.5,24.4,.280
100,Furman,33,23,10,.697,4.43,-3.64,,13,5,,13,3,,7,6,,2619,2260,,70.5,96.7,.289,.372,.522,49.9,48.7,7.6,9.9,.492,18.4,27.5,.203
101,Gardner-Webb,32,14,18,.438,-9.70,-3.81,,9,9,,11,2,,3,13,,2258,2307,,69.1,102.8,.347,.409,.538,49.3,58.3,9.9,9.2,.504,15.9,26.0,.247
102,George Mason,33,16,17,.485,-2.97,0.85,,9,9,,10,7,,5,7,,2371,2497,,69.6,106.8,.308,.395,.546,49.2,51.7,9.0,11.3,.521,14.1,26.7,.211
103,George Washington,33,15,18,.455,-0.72,2.13,,7,11,,13,5,,1,10,,2225,2319,,66.3,106.1,.281,.340,.541,49.2,51.5,9.8,6.2,.514,14.9,30.0,.199
104,Georgetown,30,15,15,.500,7.16,5.29,,5,13,,11,8,,4,6,,2350,2294,,71.6,103.7,.283,.398,.541,46.7,55.9,9.6,9.0,.508,15.1,26.0,.210
105,Georgia Southern,33,21,12,.636,-0.54,-3.28,,11,7,,10,3,,8,7,,2504,2315,,70.5,99.1,.345,.396,.519,50.5,48.3,6.0,10.0,.490,17.9,31.1,.229
106,Georgia State NCAA,35,24,11,.686,3.22,-2.78,,12,6,,11,3,,9,6,,2614,2356,,67.9,98.1,.370,.459,.510,52.3,59.3,7.2,9.8,.471,17.8,32.3,.258
107,Georgia Tech,32,13,19,.406,5.25,7.46,,6,12,,12,7,,1,10,,2101,2172,,66.5,101.7,.318,.334,.527,50.0,59.5,9.5,8.1,.492,16.4,30.6,.227
108,Georgia,33,18,15,.545,10.24,8.87,,7,11,,11,4,,4,9,,2247,2202,,65.3,100.6,.277,.376,.493,46.4,44.6,8.9,8.6,.456,12.5,28.9,.202
109,Gonzaga NCAA,37,32,5,.865,18.44,2.60,,17,1,,15,1,,10,1,,3091,2505,,69.7,95.8,.291,.357,.505,44.0,46.2,7.3,7.4,.471,15.5,22.9,.208
110,Grambling,31,17,14,.548,-12.97,-10.30,,13,5,,6,4,,11,10,,2257,2321,,73.8,100.6,.427,.361,.530,49.3,50.3,8.8,10.3,.493,17.5,30.5,.290
111,Grand Canyon,34,22,12,.647,3.78,-4.80,,9,5,,16,3,,3,7,,2512,2213,,70.3,91.9,.385,.304,.491,48.6,42.8,8.4,6.7,.445,18.5,28.3,.272
112,Green Bay,33,13,20,.394,-8.51,-4.08,,7,11,,10,6,,2,13,,2517,2499,,74.1,101.4,.302,.389,.524,51.3,50.1,9.3,11.8,.491,15.9,29.1,.215
113,Hampton,34,18,16,.529,-9.37,-9.56,,11,4,,11,3,,5,11,,2703,2603,,75.0,101.3,.350,.361,.513,49.1,49.7,7.6,7.8,.479,14.7,29.3,.239
114,Hartford,33,19,14,.576,-5.54,-5.26,,11,5,,9,7,,9,6,,2326,2318,,67.7,103.4,.333,.410,.535,51.1,55.2,8.7,9.3,.509,15.8,28.1,.223
115,Harvard,32,18,14,.563,-0.28,-1.70,,12,2,,10,2,,6,11,,2182,2129,,66.5,98.1,.353,.397,.531,48.0,54.5,9.9,7.6,.490,16.8,23.1,.260
116,Hawaii,30,17,13,.567,-2.33,-2.51,,8,8,,13,7,,4,5,,2104,2071,,68.9,98.9,.383,.365,.542,49.2,41.9,8.9,8.6,.502,18.1,24.1,.276
117,High Point,30,14,16,.467,-6.75,-6.38,,9,9,,11,4,,3,11,,2126,1993,,67.1,98.6,.375,.386,.535,48.4,49.0,9.4,10.7,.493,19.1,28.4,.275
118,Hofstra,31,19,12,.613,-0.53,-1.60,,12,6,,9,4,,9,4,,2464,2397,,70.3,109.6,.320,.357,.568,48.6,49.4,8.5,7.7,.542,14.6,27.0,.225
119,Holy Cross,31,12,19,.387,-9.92,-5.82,,8,10,,6,7,,6,10,,1972,2099,,63.7,105.4,.339,.445,.547,55.0,59.6,9.8,7.0,.510,17.2,32.0,.250
120,Houston Baptist,31,6,25,.194,-16.14,-3.97,,2,16,,5,8,,1,16,,2382,2617,,75.5,110.9,.363,.363,.589,49.1,55.8,8.5,11.9,.553,17.0,29.7,.275
121,Houston NCAA,35,27,8,.771,15.99,4.16,,14,4,,15,0,,6,5,,2685,2271,,68.5,94.7,.416,.379,.502,45.4,51.9,7.3,7.1,.455,16.8,25.3,.293
122,Howard,33,10,23,.303,-17.26,-9.74,,7,9,,7,4,,2,18,,2449,2654,,71.3,110.7,.388,.361,.562,53.2,55.6,7.8,8.5,.530,16.5,35.2,.272
123,Idaho State,30,14,16,.467,-5.76,-3.69,,9,9,,9,5,,5,10,,2211,2232,,70.8,105.0,.310,.344,.544,52.0,43.3,8.3,8.6,.514,14.9,27.4,.219
124,Idaho,31,22,9,.710,0.82,-3.94,,14,4,,11,2,,9,4,,2330,2134,,68.0,100.9,.300,.423,.524,45.2,48.9,7.8,6.4,.492,14.4,24.2,.214
125,Illinois-Chicago,36,20,16,.556,-2.91,-4.21,,12,6,,11,7,,9,8,,2708,2597,,73.6,97.7,.328,.338,.496,49.1,59.1,9.7,9.8,.460,15.1,29.3,.227
126,Illinois State,33,18,15,.545,1.07,3.67,,10,8,,11,3,,3,10,,2364,2418,,69.3,103.3,.380,.397,.527,52.4,56.8,9.1,10.1,.488,15.7,30.9,.269
127,Illinois,32,14,18,.438,8.50,7.53,,4,14,,12,6,,1,10,,2426,2362,,70.8,103.1,.481,.349,.576,50.2,52.0,8.9,12.1,.532,20.9,31.1,.351
128,Incarnate Word,28,7,21,.250,-17.71,-5.04,,2,16,,6,9,,1,12,,1978,2163,,72.5,106.5,.324,.334,.537,52.4,48.8,10.3,10.6,.505,16.0,34.4,.230
129,Indiana State,31,13,18,.419,1.53,2.43,,8,10,,8,7,,5,7,,2248,2253,,70.1,100.9,.412,.369,.550,48.9,50.5,9.4,11.5,.509,17.6,24.0,.296
130,Indiana,31,16,15,.516,9.89,8.25,,9,9,,12,6,,3,8,,2229,2178,,67.5,102.8,.322,.365,.539,49.0,52.3,9.5,10.6,.508,17.1,29.5,.227
131,Iona NCAA,34,20,14,.588,0.75,-2.19,,11,7,,8,3,,7,8,,2702,2602,,71.5,105.1,.286,.354,.545,52.8,52.1,6.9,7.7,.525,16.3,30.7,.189
132,Iowa State,31,13,18,.419,6.88,9.49,,4,14,,9,7,,0,10,,2258,2339,,69.6,107.6,.265,.397,.537,50.5,52.0,8.5,8.8,.510,14.0,30.7,.189
133,Iowa,33,14,19,.424,8.13,7.13,,4,14,,9,6,,1,10,,2630,2597,,71.0,110.0,.281,.366,.556,46.5,56.3,9.8,7.4,.531,13.5,28.0,.197
134,Purdue-Fort Wayne,33,18,15,.545,-1.48,-3.24,,7,7,,13,3,,4,10,,2716,2535,,74.6,102.6,.284,.376,.559,50.4,46.6,7.0,6.4,.529,18.1,25.4,.211
135,IUPUI,30,11,19,.367,-9.82,-3.53,,8,10,,9,4,,2,14,,2047,2180,,68.7,105.3,.379,.377,.572,50.0,53.8,10.8,11.3,.536,18.8,28.9,.279
136,Jackson State,32,12,20,.375,-17.66,-10.50,,9,9,,9,2,,2,17,,1991,2161,,65.4,102.0,.460,.370,.555,52.5,52.9,7.2,8.5,.514,19.6,31.2,.324
137,Jacksonville State,36,23,13,.639,-0.30,-4.87,,11,7,,12,4,,9,8,,2587,2369,,67.8,96.3,.318,.415,.510,46.0,50.8,9.3,6.5,.475,16.9,25.9,.224
138,Jacksonville,33,15,18,.455,-13.39,-6.12,,8,6,,10,6,,3,12,,2405,2482,,72.4,102.0,.279,.387,.536,50.8,48.7,9.2,8.5,.504,16.7,28.7,.206
139,James Madison,32,10,22,.313,-5.47,-2.15,,6,12,,7,7,,3,11,,2341,2414,,69.4,106.2,.413,.394,.559,50.2,56.5,8.2,8.6,.522,16.5,28.2,.295
140,Kansas State NCAA,37,25,12,.676,12.85,8.74,,10,8,,14,3,,6,5,,2630,2478,,66.6,100.3,.368,.399,.533,52.6,54.5,8.4,7.1,.491,18.6,31.7,.269
141,Kansas NCAA,39,31,8,.795,21.39,11.88,,13,5,,14,3,,8,3,,3174,2803,,70.2,102.0,.246,.391,.519,49.7,48.5,7.9,9.9,.491,15.6,31.0,.175
142,Kennesaw State,30,10,20,.333,-11.17,-4.31,,6,8,,8,6,,2,14,,2182,2328,,71.4,108.2,.314,.340,.562,51.7,51.4,8.8,6.5,.534,16.3,32.5,.224
143,Kent State,34,17,17,.500,-3.73,-1.76,,9,9,,13,3,,2,11,,2482,2502,,70.3,104.0,.328,.368,.542,49.5,52.5,7.9,8.4,.509,15.9,29.8,.235
144,Kentucky NCAA,37,26,11,.703,17.24,10.73,,10,8,,16,2,,4,6,,2840,2599,,69.8,100.3,.323,.426,.502,46.4,52.2,8.2,8.5,.468,14.4,30.6,.224
145,La Salle,32,13,19,.406,1.70,2.54,,7,11,,10,4,,2,10,,2333,2360,,69.0,104.0,.337,.341,.547,50.3,44.8,8.9,7.9,.516,15.6,25.3,.237
146,Lafayette,31,10,21,.323,-9.77,-6.04,,7,11,,8,6,,2,14,,2207,2307,,68.9,107.6,.264,.380,.543,51.5,45.7,8.6,9.4,.519,13.0,26.9,.185
147,Lamar,33,19,14,.576,-5.19,-7.23,,11,7,,11,4,,8,7,,2500,2296,,71.1,96.4,.370,.348,.540,48.6,53.5,7.8,10.0,.507,20.6,27.2,.256
148,Lehigh,30,16,14,.533,-6.41,-5.65,,11,7,,9,6,,7,8,,2336,2333,,71.0,106.9,.304,.441,.551,50.1,57.5,8.8,8.9,.524,14.4,26.6,.214
149,Liberty,37,22,15,.595,-2.68,-6.24,,9,9,,13,7,,7,6,,2621,2353,,64.1,97.2,.330,.455,.536,46.9,54.6,9.0,7.8,.499,17.1,19.7,.241
150,Lipscomb NCAA,33,23,10,.697,-2.10,-3.80,,10,4,,13,2,,10,7,,2708,2564,,77.0,99.4,.375,.365,.544,47.8,49.4,9.0,11.7,.511,17.8,23.9,.259
151,Cal State Long Beach,33,15,18,.455,-3.76,0.89,,9,7,,8,5,,6,10,,2485,2586,,72.3,107.6,.274,.343,.561,48.8,52.1,10.5,8.1,.531,16.3,29.9,.206
152,Long Island University NCAA,35,18,17,.514,-8.60,-8.19,,10,8,,12,4,,5,11,,2696,2674,,72.9,104.5,.318,.336,.526,49.0,47.1,9.1,7.3,.495,14.3,29.5,.220
153,Longwood,33,7,26,.212,-18.31,-4.31,,3,15,,5,11,,2,13,,2088,2445,,69.7,106.3,.335,.415,.544,53.8,50.0,11.1,9.0,.510,15.7,31.0,.243
154,Louisiana,34,27,7,.794,7.58,-2.55,,16,2,,14,1,,10,4,,2829,2408,,72.7,97.1,.368,.322,.523,45.3,43.2,7.9,8.2,.488,18.0,27.0,.254
155,Louisiana-Monroe,32,16,16,.500,-6.28,-3.31,,9,9,,12,4,,3,11,,2235,2187,,67.0,101.2,.298,.431,.533,50.7,60.1,7.6,11.8,.503,17.1,28.4,.211
156,Louisiana State,33,18,15,.545,10.93,8.02,,8,10,,14,4,,3,8,,2559,2463,,69.4,107.1,.326,.408,.555,50.6,47.8,8.1,9.8,.527,16.9,31.5,.227
157,Louisiana Tech,33,17,16,.515,1.33,-0.12,,7,11,,11,5,,2,10,,2468,2331,,69.1,101.7,.316,.334,.533,50.4,52.3,8.1,10.2,.502,16.3,28.6,.224
158,Louisville,36,22,14,.611,14.30,9.07,,9,9,,16,6,,4,7,,2721,2533,,69.7,99.5,.293,.343,.504,50.3,44.2,8.5,8.3,.470,16.1,31.4,.207
159,Loyola (IL) NCAA,38,32,6,.842,10.37,1.80,,15,3,,14,1,,9,4,,2721,2377,,65.9,94.9,.247,.371,.502,48.7,50.1,10.1,9.4,.474,17.0,25.4,.174
160,Loyola Marymount,31,11,20,.355,-4.34,1.09,,5,13,,7,7,,3,12,,2226,2369,,67.8,111.8,.418,.381,.601,49.6,61.3,8.8,11.9,.569,17.4,30.3,.302
161,Loyola (MD),31,9,22,.290,-12.71,-5.25,,6,12,,8,6,,1,16,,2154,2326,,69.7,106.4,.393,.366,.572,49.7,50.2,8.6,11.6,.536,16.9,26.3,.286
162,Maine,32,6,26,.188,-14.64,-3.27,,3,13,,4,8,,2,16,,2140,2408,,71.6,103.9,.362,.399,.542,52.2,53.3,10.2,9.9,.507,16.4,29.7,.257
163,Manhattan,31,14,17,.452,-5.04,-4.13,,9,9,,8,3,,5,8,,2147,2175,,67.5,102.3,.410,.369,.542,50.4,59.2,11.3,6.5,.501,18.6,32.0,.292
164,Marist,31,6,25,.194,-12.48,-3.57,,4,14,,4,9,,2,10,,2239,2515,,71.5,111.7,.298,.394,.557,52.2,52.7,10.1,10.2,.526,12.8,29.7,.221
165,Marquette,35,21,14,.600,12.50,9.70,,9,9,,13,7,,5,5,,2846,2748,,70.4,110.4,.389,.338,.577,51.0,54.5,8.3,8.0,.538,15.9,29.5,.291
166,Marshall NCAA,36,25,11,.694,4.21,0.44,,12,6,,15,2,,6,8,,3017,2849,,76.3,102.7,.285,.311,.523,53.3,50.9,8.6,7.8,.497,15.9,31.5,.194
167,Maryland-Baltimore County NCAA,36,25,11,.694,-2.02,-3.84,,12,4,,15,2,,9,7,,2630,2466,,69.2,99.0,.307,.407,.535,50.9,51.9,9.6,8.4,.509,18.7,27.4,.208
168,Maryland-Eastern Shore,32,7,25,.219,-24.63,-7.56,,3,13,,6,5,,0,18,,1992,2473,,67.6,114.4,.328,.399,.569,54.2,59.5,9.2,9.7,.542,14.1,34.2,.233
169,Maryland,32,19,13,.594,13.78,7.94,,8,10,,15,3,,2,8,,2338,2140,,66.6,100.1,.237,.379,.504,46.4,52.2,10.0,10.5,.473,14.2,28.4,.175
170,Massachusetts-Lowell,30,12,18,.400,-9.53,-5.77,,6,10,,9,7,,3,11,,2286,2356,,72.1,108.5,.332,.330,.574,53.0,49.2,9.7,9.0,.547,17.6,31.6,.235
171,Massachusetts,33,13,20,.394,-1.65,1.10,,5,13,,11,6,,1,11,,2374,2465,,67.3,108.4,.332,.339,.552,51.1,59.8,9.2,9.2,.515,14.4,29.6,.249
172,McNeese State,29,12,17,.414,-12.06,-6.10,,8,10,,7,5,,5,12,,2184,2209,,73.5,102.8,.299,.334,.515,49.4,50.6,8.7,7.2,.486,14.3,30.6,.204
173,Memphis,34,21,13,.618,1.81,2.16,,10,8,,14,5,,5,5,,2408,2420,,66.3,105.9,.324,.411,.539,48.9,59.7,10.8,9.8,.508,16.2,33.8,.227
174,Mercer,34,19,15,.559,-0.87,-3.50,,11,7,,11,3,,7,9,,2561,2373,,65.8,104.6,.323,.480,.553,45.9,61.8,8.9,10.8,.522,15.6,24.5,.232
175,Miami (FL) NCAA,32,22,10,.688,12.83,6.96,,11,7,,11,3,,8,4,,2361,2173,,67.8,99.4,.281,.356,.521,49.4,53.3,8.3,9.0,.490,16.5,28.3,.200
176,Miami (OH),34,16,18,.471,-3.56,-1.15,,8,10,,9,5,,6,11,,2449,2404,,68.7,100.7,.279,.374,.530,48.8,45.9,9.1,10.6,.501,16.0,25.5,.198
177,Michigan State NCAA,35,30,5,.857,22.41,7.10,,16,2,,16,1,,8,1,,2807,2271,,68.1,94.9,.307,.355,.470,42.4,54.1,8.7,6.9,.427,12.6,26.3,.223
178,Michigan NCAA,41,33,8,.805,19.03,9.41,,13,5,,15,1,,6,5,,3019,2596,,65.7,95.4,.298,.304,.511,49.7,43.5,6.3,9.7,.476,17.3,25.0,.215
179,Middle Tennessee,33,25,8,.758,10.29,2.83,,16,2,,12,2,,12,2,,2479,2188,,67.8,97.0,.417,.375,.533,45.9,52.2,8.2,7.0,.490,17.6,22.3,.298
180,Milwaukee,33,16,17,.485,-4.15,-4.25,,8,10,,9,7,,6,9,,2259,2260,,67.5,100.7,.270,.374,.537,49.2,50.3,8.6,11.5,.505,16.2,23.6,.201
181,Minnesota,32,15,17,.469,7.00,6.91,,4,14,,11,6,,2,9,,2405,2402,,70.2,105.6,.271,.357,.532,50.0,57.3,7.8,11.3,.505,13.9,29.5,.191
182,Mississippi State,37,25,12,.676,11.71,6.82,,9,9,,19,2,,4,8,,2716,2507,,68.4,98.4,.290,.382,.510,48.6,49.4,7.9,8.6,.481,16.9,30.4,.199
183,Mississippi Valley State,32,4,28,.125,-21.41,-8.13,,4,14,,3,6,,1,21,,2075,2500,,69.9,110.1,.392,.410,.578,52.8,56.7,8.5,12.1,.548,17.1,31.6,.275
184,Mississippi,32,12,20,.375,6.85,9.16,,5,13,,10,8,,1,10,,2426,2500,,70.7,108.7,.369,.394,.550,50.3,62.3,7.8,9.6,.515,14.9,30.6,.263
185,Kansas City,32,10,22,.313,-10.19,-1.02,,5,9,,6,8,,3,11,,2251,2447,,72.4,105.2,.416,.348,.552,56.0,52.1,7.4,11.3,.515,17.8,32.1,.292
186,Missouri State,33,18,15,.545,3.06,0.43,,7,11,,10,5,,4,8,,2313,2197,,66.2,100.2,.298,.367,.507,46.0,48.9,8.2,8.5,.471,13.1,25.4,.215
187,Missouri NCAA,33,20,13,.606,13.81,9.19,,10,8,,13,3,,5,6,,2399,2246,,67.3,100.3,.301,.362,.504,46.8,47.3,9.7,12.1,.467,14.1,27.8,.218
188,Monmouth,31,11,20,.355,-2.41,-1.25,,7,11,,6,6,,4,12,,2336,2372,,71.0,104.4,.416,.457,.549,49.0,53.1,9.3,10.5,.514,16.0,26.9,.287
189,Montana State,32,13,19,.406,-8.69,-3.52,,6,12,,8,6,,3,12,,2434,2524,,72.1,108.0,.363,.372,.571,49.9,45.9,8.1,8.8,.542,16.1,26.2,.256
190,Montana NCAA,34,26,8,.765,6.29,-2.24,,16,2,,14,0,,8,6,,2625,2329,,69.9,96.5,.419,.320,.532,46.7,43.8,7.0,8.8,.487,19.3,25.6,.302
191,Morehead State,29,8,21,.276,-10.65,-1.91,,4,14,,7,6,,1,15,,2043,2204,,70.6,107.1,.389,.405,.569,48.6,60.3,9.5,10.1,.539,17.4,28.7,.270
192,Morgan State,31,13,18,.419,-15.11,-11.98,,7,8,,8,2,,3,15,,2273,2338,,71.4,104.0,.415,.388,.551,48.7,56.8,8.6,8.5,.514,17.9,30.4,.292
193,Mount St. Mary's,32,18,14,.563,-8.13,-8.03,,12,6,,12,3,,6,11,,2331,2301,,67.1,106.0,.272,.374,.545,56.7,51.5,8.6,8.3,.515,17.2,34.8,.200
194,Murray State NCAA,32,26,6,.813,6.87,-3.53,,16,2,,14,2,,10,3,,2515,2117,,68.1,97.1,.297,.353,.504,45.9,42.3,7.9,9.7,.467,16.1,27.1,.215
195,Navy,32,20,12,.625,-6.91,-7.20,,11,7,,9,6,,9,6,,2199,2125,,66.9,98.9,.334,.412,.558,45.8,53.6,9.5,10.7,.527,19.6,21.9,.237
196,Omaha,31,9,22,.290,-9.88,0.33,,4,10,,8,4,,1,15,,2373,2588,,72.6,113.2,.276,.373,.578,52.1,48.4,8.2,9.8,.550,14.0,29.4,.207
197,Nebraska,33,22,11,.667,10.99,7.33,,13,5,,16,1,,4,8,,2386,2265,,68.1,100.4,.265,.295,.497,51.3,48.0,7.4,9.7,.470,15.3,34.0,.178
198,Nevada-Las Vegas,33,20,13,.606,7.20,1.87,,8,10,,13,6,,5,6,,2753,2577,,73.7,104.0,.262,.319,.519,46.3,43.7,8.9,7.1,.487,13.3,29.9,.193
199,Nevada NCAA,37,29,8,.784,14.44,4.93,,15,3,,14,1,,11,3,,3055,2703,,70.5,102.2,.301,.386,.526,50.6,49.3,6.2,7.9,.494,15.6,28.7,.214
200,New Hampshire,31,10,21,.323,-8.38,-4.31,,6,10,,8,7,,2,12,,2103,2085,,66.6,101.0,.402,.388,.531,46.1,42.3,8.8,8.2,.496,13.8,20.7,.272
201,New Mexico State NCAA,34,28,6,.824,9.06,-1.10,,12,2,,14,1,,8,3,,2572,2183,,70.1,91.3,.319,.373,.494,44.0,41.9,6.9,6.2,.455,17.3,22.4,.227
202,New Mexico,34,19,15,.559,5.81,3.30,,12,6,,13,4,,4,8,,2795,2641,,73.6,105.1,.398,.313,.577,53.1,49.5,8.0,10.4,.543,19.7,30.6,.286
203,New Orleans,33,16,17,.485,-9.01,-5.78,,11,7,,10,3,,5,13,,2297,2322,,68.7,102.0,.362,.342,.556,48.8,55.7,10.6,8.5,.525,19.5,29.9,.254
204,Niagara,33,19,14,.576,-4.84,-4.21,,12,6,,9,5,,10,7,,2748,2769,,74.9,111.1,.294,.346,.552,50.0,53.1,6.7,9.2,.526,13.4,30.7,.207
205,Nicholls State,32,21,11,.656,-3.54,-5.86,,15,3,,12,3,,9,7,,2641,2411,,76.9,98.0,.439,.329,.534,49.3,50.0,9.1,9.3,.496,19.6,29.5,.298
206,NJIT,30,14,16,.467,-7.25,-5.53,,7,7,,10,7,,4,9,,2248,2197,,71.0,102.3,.330,.331,.550,49.4,47.2,8.7,11.2,.520,18.1,28.2,.232
207,Norfolk State,33,14,19,.424,-12.99,-10.19,,11,5,,8,6,,5,11,,2399,2417,,72.3,101.0,.422,.443,.538,48.1,60.9,7.5,8.8,.497,18.1,28.6,.299
208,North Carolina-Asheville,34,21,13,.618,-3.92,-3.58,,13,5,,14,2,,7,10,,2557,2499,,69.5,103.8,.339,.387,.548,49.3,53.3,9.0,8.0,.517,16.4,26.3,.240
209,North Carolina A&T,35,20,15,.571,-12.58,-11.22,,11,5,,12,0,,5,13,,2623,2605,,71.1,103.5,.316,.346,.541,49.3,50.4,8.1,8.2,.514,16.1,28.0,.217
210,North Carolina Central NCAA,35,19,16,.543,-13.18,-12.31,,9,7,,12,2,,3,13,,2520,2425,,68.8,100.4,.327,.387,.517,46.6,54.6,7.5,7.4,.481,15.3,28.0,.233
211,North Carolina-Greensboro NCAA,35,27,8,.771,4.54,-3.87,,15,3,,16,1,,8,6,,2562,2189,,66.9,91.5,.386,.405,.516,45.0,47.7,10.2,6.9,.470,19.9,22.9,.280
212,North Carolina State NCAA,33,21,12,.636,12.91,6.70,,11,7,,16,3,,4,5,,2682,2477,,72.1,103.7,.337,.322,.547,49.7,50.3,8.6,9.7,.516,17.7,31.9,.237
213,North Carolina-Wilmington,32,11,21,.344,-7.52,-1.15,,7,11,,8,5,,2,11,,2542,2668,,73.4,111.5,.359,.391,.579,46.8,47.6,7.6,6.6,.553,14.0,24.8,.249
214,North Carolina NCAA,37,26,11,.703,20.07,11.78,,11,7,,12,3,,6,5,,3018,2711,,71.7,101.8,.260,.409,.525,43.6,55.7,8.6,11.2,.501,14.4,25.5,.178
215,North Dakota State,32,15,17,.469,-1.86,-1.58,,5,9,,8,6,,5,10,,2382,2264,,68.8,102.5,.318,.345,.525,49.1,42.2,8.6,8.5,.486,13.1,23.9,.237
216,North Dakota,32,12,20,.375,-7.63,-0.19,,6,12,,7,6,,2,13,,2427,2612,,73.2,109.3,.339,.349,.585,55.0,47.1,9.4,6.2,.555,17.5,29.3,.248
217,North Florida,33,14,19,.424,-11.40,-1.74,,7,7,,10,2,,4,17,,2668,2873,,75.6,114.8,.234,.286,.550,53.6,51.9,11.1,10.1,.526,11.9,34.8,.171
218,North Texas,38,20,18,.526,1.16,-0.40,,8,10,,14,6,,6,11,,2828,2703,,69.9,100.4,.385,.371,.528,47.3,46.0,8.2,11.2,.487,15.6,24.2,.275
219,Northeastern,33,23,10,.697,3.64,-1.61,,14,4,,12,2,,9,5,,2472,2270,,68.0,100.0,.322,.284,.529,48.9,41.4,8.8,8.3,.491,16.1,25.3,.239
220,Northern Arizona,32,5,27,.156,-14.67,-1.04,,2,16,,2,10,,3,14,,2100,2512,,70.7,110.2,.364,.423,.586,51.9,56.9,10.1,9.6,.552,16.8,28.6,.270
221,Northern Colorado,38,26,12,.684,3.67,-2.27,,11,7,,14,3,,7,8,,3080,2776,,73.7,98.1,.359,.247,.520,48.7,37.9,7.2,7.6,.486,15.7,23.5,.246
222,Northern Illinois,32,13,19,.406,-6.71,-1.71,,6,12,,11,4,,1,13,,2319,2407,,69.3,108.2,.317,.409,.560,50.3,54.6,7.0,9.7,.535,15.7,28.7,.220
223,Northern Iowa,32,16,16,.500,4.00,3.87,,7,11,,12,4,,1,9,,2056,1990,,64.3,96.4,.243,.382,.513,48.8,47.9,9.4,10.6,.484,15.5,21.7,.175
224,Northern Kentucky,32,22,10,.688,4.83,-4.07,,15,3,,12,2,,8,6,,2486,2112,,70.7,93.4,.313,.360,.500,47.4,47.7,8.0,9.9,.464,17.6,25.9,.219
225,Northwestern State,29,4,25,.138,-21.02,-4.18,,1,17,,1,11,,3,13,,1868,2264,,72.2,108.1,.402,.349,.562,51.1,55.5,11.8,8.6,.531,16.7,32.2,.277
226,Northwestern,32,15,17,.469,9.63,8.37,,6,12,,11,6,,3,9,,2203,2127,,65.3,101.0,.372,.381,.542,49.6,60.4,8.9,9.8,.505,17.0,27.3,.265
227,Notre Dame,36,21,15,.583,13.64,7.92,,8,10,,11,6,,5,7,,2698,2471,,66.5,102.1,.221,.375,.514,48.4,54.9,7.5,10.4,.490,14.2,28.8,.156
228,Oakland,33,19,14,.576,-1.82,-3.76,,10,8,,11,4,,7,8,,2580,2516,,72.2,104.9,.278,.307,.538,49.6,51.9,10.3,11.9,.508,14.8,28.5,.202
229,Ohio State NCAA,34,25,9,.735,17.67,9.02,,15,3,,16,2,,6,2,,2591,2297,,67.9,98.4,.295,.399,.518,46.4,49.9,7.5,6.9,.487,15.9,24.9,.207
230,Ohio,31,14,17,.452,-2.52,-1.65,,7,11,,11,5,,2,10,,2334,2353,,72.6,101.3,.292,.397,.532,51.6,46.4,8.1,8.8,.496,15.8,26.0,.219
231,Oklahoma State,36,21,15,.583,12.45,9.12,,8,10,,15,6,,3,7,,2757,2637,,70.8,102.7,.356,.344,.539,48.9,50.9,8.7,7.6,.500,17.5,31.1,.258
232,Oklahoma NCAA,32,18,14,.563,13.81,10.56,,8,10,,13,2,,2,9,,2718,2614,,76.5,105.6,.257,.372,.535,50.2,48.9,8.7,11.5,.510,14.5,30.1,.180
233,Old Dominion,32,25,7,.781,9.27,-1.27,,15,3,,12,2,,10,3,,2347,2010,,66.6,93.6,.303,.411,.506,47.2,59.0,6.9,7.2,.477,18.9,26.1,.205
234,Oral Roberts,32,11,21,.344,-6.66,1.05,,5,9,,8,5,,3,14,,2332,2484,,68.0,111.6,.302,.377,.560,47.8,58.9,9.0,8.5,.532,13.6,30.1,.216
235,Oregon State,32,16,16,.500,7.31,4.56,,7,11,,12,4,,1,9,,2339,2251,,67.4,102.7,.382,.367,.538,47.9,49.9,9.1,9.2,.496,16.3,28.7,.280
236,Oregon,36,23,13,.639,10.70,4.84,,10,8,,16,3,,4,7,,2817,2606,,69.6,102.6,.363,.394,.547,47.7,51.0,7.5,8.7,.503,16.8,26.7,.275
237,Pacific,32,14,18,.438,-0.55,1.80,,9,9,,8,8,,6,9,,2280,2316,,67.0,107.2,.352,.402,.564,49.1,57.5,7.4,6.8,.526,16.1,27.6,.263
238,Penn State,39,26,13,.667,15.85,7.79,,9,9,,15,4,,6,7,,2915,2601,,67.9,97.6,.321,.336,.517,48.2,49.7,8.1,9.3,.483,17.2,28.2,.226
239,Pennsylvania NCAA,33,24,9,.727,2.24,-3.16,,12,2,,11,3,,9,4,,2506,2274,,70.2,95.6,.311,.330,.503,49.0,39.6,7.3,8.7,.463,15.2,22.3,.228
240,Pepperdine,32,6,26,.188,-6.50,1.82,,2,16,,5,11,,0,14,,2283,2516,,67.8,115.1,.332,.418,.597,49.2,62.0,8.3,10.2,.571,14.0,26.2,.240
241,Pittsburgh,32,8,24,.250,-1.87,8.48,,0,18,,7,11,,0,10,,1985,2316,,65.7,109.3,.313,.372,.532,54.5,58.1,10.1,15.3,.501,13.1,33.9,.221
242,Portland State,34,20,14,.588,-0.14,-1.04,,9,9,,8,5,,10,6,,2897,2698,,76.5,102.5,.417,.347,.571,49.2,54.7,8.1,9.9,.539,20.7,29.7,.291
243,Portland,32,10,22,.313,-6.60,2.43,,4,14,,7,9,,3,9,,2221,2372,,68.5,107.3,.316,.412,.535,53.9,57.9,7.8,7.7,.505,13.7,30.3,.221
244,Prairie View,34,16,18,.471,-10.13,-7.71,,12,6,,10,2,,5,15,,2559,2609,,72.6,104.9,.479,.368,.566,51.4,49.7,8.5,9.0,.530,19.6,32.3,.331
245,Presbyterian,32,11,21,.344,-14.33,-5.53,,4,14,,8,8,,2,13,,2124,2273,,64.7,109.3,.282,.369,.567,52.3,53.0,7.9,9.0,.540,15.6,29.4,.204
246,Princeton,29,13,16,.448,-2.44,-1.97,,5,9,,7,5,,5,9,,2106,2083,,66.4,104.6,.317,.373,.551,51.0,45.0,7.7,10.1,.515,15.1,24.1,.237
247,Providence NCAA,35,21,14,.600,11.12,10.23,,10,8,,13,4,,4,7,,2575,2544,,69.5,102.8,.318,.363,.538,50.4,48.6,9.2,9.4,.503,16.6,28.9,.233
248,Purdue NCAA,37,30,7,.811,23.41,8.74,,15,3,,16,1,,8,2,,2974,2431,,68.1,96.2,.242,.344,.496,48.2,48.8,7.5,7.5,.470,15.5,27.8,.167
249,Quinnipiac,33,12,21,.364,-9.50,-4.44,,7,11,,6,6,,3,12,,2364,2531,,67.9,110.0,.301,.368,.565,50.8,53.6,9.3,11.8,.536,14.4,28.5,.219
250,Radford NCAA,36,23,13,.639,-2.62,-4.09,,12,6,,12,2,,7,10,,2422,2336,,63.4,100.6,.307,.393,.537,47.7,50.4,8.5,9.9,.501,17.7,27.7,.230
251,Rhode Island NCAA,34,26,8,.765,11.81,4.61,,15,3,,15,1,,7,4,,2583,2338,,69.2,98.6,.406,.306,.547,50.0,49.0,7.9,7.4,.503,20.0,28.0,.298
252,Rice,31,7,24,.226,-8.63,-0.04,,4,14,,5,10,,2,13,,2114,2347,,70.1,107.1,.273,.420,.548,50.3,60.5,9.9,8.3,.523,14.7,28.1,.191
253,Richmond,32,12,20,.375,-0.17,3.61,,9,9,,6,9,,4,8,,2297,2418,,68.3,109.4,.314,.352,.583,53.2,53.4,9.1,8.8,.554,16.9,28.3,.232
254,Rider,32,22,10,.688,0.94,-2.65,,15,3,,12,1,,8,7,,2620,2505,,74.8,104.3,.368,.431,.560,48.3,56.5,8.2,11.0,.528,18.1,28.6,.261
255,Robert Morris,33,16,17,.485,-7.98,-6.10,,9,9,,4,6,,9,11,,2272,2334,,70.8,99.5,.362,.344,.536,50.9,49.0,9.2,10.3,.505,19.4,31.3,.247
256,Rutgers,34,15,19,.441,5.50,6.84,,3,15,,13,9,,0,9,,2216,2204,,66.9,95.9,.303,.380,.508,48.1,54.4,8.3,9.5,.474,17.9,28.2,.212
257,Sacramento State,32,7,25,.219,-8.90,-0.74,,4,14,,6,9,,1,12,,2157,2358,,67.5,108.8,.343,.367,.562,52.9,50.9,8.3,8.0,.523,15.5,29.2,.261
258,Sacred Heart,31,10,21,.323,-11.38,-6.98,,5,13,,5,9,,4,11,,2129,2237,,69.5,103.4,.328,.398,.536,44.8,47.4,9.6,8.5,.507,13.5,22.6,.225
259,Saint Francis (PA),31,18,13,.581,-6.12,-6.71,,12,6,,11,3,,7,10,,2450,2355,,70.8,105.6,.233,.377,.548,51.7,55.0,7.4,9.9,.527,16.5,30.6,.162
260,Saint Joseph's,32,16,16,.500,3.78,1.90,,10,8,,10,3,,4,9,,2371,2311,,71.2,100.6,.246,.457,.523,50.7,58.5,6.6,9.7,.497,14.5,24.5,.174
261,Saint Louis,33,17,16,.515,2.58,2.92,,9,9,,12,6,,3,7,,2170,2157,,64.7,100.6,.343,.362,.530,47.0,56.3,8.7,9.5,.491,16.4,26.8,.250
262,Saint Mary's (CA),36,30,6,.833,12.86,0.33,,16,2,,18,2,,11,1,,2772,2321,,63.6,100.3,.248,.310,.519,44.9,48.0,8.5,8.3,.492,13.4,22.5,.178
263,Saint Peter's,32,14,18,.438,-5.24,-4.37,,6,12,,8,5,,3,12,,2085,2113,,65.0,99.3,.423,.435,.530,51.0,57.2,8.4,8.3,.484,18.6,28.9,.304
264,Sam Houston State,36,21,15,.583,-5.14,-4.80,,12,6,,14,2,,5,10,,2571,2477,,69.1,99.2,.369,.433,.536,47.4,54.1,7.4,11.0,.504,18.3,26.1,.252
265,Samford,32,10,22,.313,-11.10,-3.37,,6,12,,8,6,,2,14,,2483,2639,,71.9,114.8,.273,.442,.596,54.2,63.6,9.3,7.9,.571,16.8,33.7,.205
266,San Diego State NCAA,33,22,11,.667,12.23,3.91,,11,7,,13,2,,5,7,,2545,2240,,70.4,96.5,.288,.402,.516,46.3,55.3,8.7,8.7,.482,17.0,25.1,.209
267,San Diego,34,20,14,.588,2.86,0.50,,9,9,,12,7,,8,6,,2385,2264,,67.2,98.3,.412,.299,.514,50.3,41.5,8.6,9.9,.460,15.7,26.0,.309
268,San Francisco,39,22,17,.564,1.13,1.63,,9,9,,16,6,,4,9,,2685,2681,,67.3,101.4,.364,.315,.531,49.2,42.3,8.5,12.6,.486,15.2,24.7,.275
269,San Jose State,30,4,26,.133,-8.74,2.91,,1,17,,3,11,,1,14,,1974,2260,,69.3,107.8,.304,.487,.553,47.3,62.9,10.5,9.0,.523,13.5,24.7,.221
270,Santa Clara,31,11,20,.355,-7.01,0.61,,8,10,,6,11,,5,5,,2048,2224,,65.4,109.3,.329,.306,.588,53.8,59.6,8.3,10.6,.563,17.1,27.4,.233
271,Savannah State,32,15,17,.469,-15.36,-5.06,,12,4,,10,2,,4,13,,2754,2991,,83.6,110.5,.306,.375,.584,55.5,58.9,7.6,11.2,.559,18.4,34.9,.219
272,Seattle,34,20,14,.588,-2.32,-3.09,,8,6,,16,3,,3,10,,2589,2468,,70.3,102.1,.396,.359,.520,47.6,47.5,9.8,9.6,.470,14.0,27.2,.295
273,Seton Hall NCAA,34,22,12,.647,15.67,10.11,,10,8,,14,3,,5,6,,2701,2512,,71.1,103.2,.298,.377,.535,46.9,48.9,8.3,8.0,.503,15.5,28.1,.216
274,Siena,32,8,24,.250,-10.46,-2.99,,4,14,,7,8,,1,15,,2166,2405,,67.2,108.0,.421,.353,.547,48.9,50.7,9.7,8.7,.509,13.7,28.9,.295
275,South Alabama,32,14,18,.438,-5.44,-2.87,,7,11,,11,4,,2,13,,2228,2218,,71.1,97.2,.375,.375,.502,50.7,49.9,8.8,12.2,.464,16.3,29.1,.256
276,South Carolina State,32,10,22,.313,-20.18,-8.78,,6,10,,8,5,,2,16,,2355,2660,,73.4,112.4,.338,.384,.586,52.4,50.6,7.7,9.1,.563,16.7,32.8,.235
277,South Carolina Upstate,32,7,25,.219,-17.46,-4.35,,2,12,,6,7,,0,17,,2424,2723,,71.1,118.8,.351,.361,.605,53.6,62.5,6.9,7.0,.576,14.1,31.3,.260
278,South Carolina,33,17,16,.515,9.45,9.23,,7,11,,10,5,,4,8,,2313,2277,,69.7,98.3,.436,.378,.534,47.6,50.7,10.5,14.5,.487,18.6,27.2,.316
279,South Dakota State NCAA,35,28,7,.800,6.84,-0.38,,13,1,,15,0,,8,5,,2958,2599,,72.3,101.6,.248,.391,.520,47.8,42.9,6.7,7.5,.492,12.9,22.5,.178
280,South Dakota,35,26,9,.743,6.17,-2.60,,11,3,,13,2,,9,5,,2832,2404,,72.1,95.3,.278,.378,.507,47.5,46.3,6.7,7.5,.472,17.5,26.5,.203
281,South Florida,32,10,22,.313,-7.25,0.06,,3,15,,7,11,,3,10,,2026,2260,,65.5,107.5,.326,.365,.539,50.8,55.4,10.3,11.2,.511,14.2,30.6,.222
282,Southeast Missouri State,31,14,17,.452,-8.12,-4.88,,8,10,,7,7,,6,9,,2355,2413,,69.1,111.7,.344,.387,.578,51.5,50.3,7.1,12.2,.550,15.5,29.3,.245
283,Southeastern Louisiana,34,22,12,.647,-6.40,-6.20,,15,3,,10,3,,10,7,,2439,2357,,69.1,100.4,.291,.330,.528,50.9,43.3,8.3,10.1,.496,18.2,32.3,.210
284,Southern California,36,24,12,.667,12.81,6.29,,12,6,,13,5,,6,5,,2798,2563,,68.7,102.2,.266,.393,.536,49.3,53.0,7.5,7.6,.510,16.8,28.8,.187
285,SIU Edwardsville,30,9,21,.300,-12.43,-3.36,,5,13,,4,9,,5,11,,2090,2362,,70.4,111.8,.459,.355,.583,51.2,54.0,9.8,9.6,.541,15.4,29.4,.337
286,Southern Illinois,33,20,13,.606,1.37,0.65,,11,7,,13,3,,5,8,,2308,2280,,66.9,101.8,.337,.392,.538,51.1,51.4,9.8,7.4,.504,17.4,28.8,.240
287,Southern Methodist,33,17,16,.515,9.08,3.66,,6,12,,13,5,,2,8,,2293,2114,,64.4,99.4,.306,.434,.524,49.7,63.8,7.5,10.1,.495,18.6,31.7,.208
288,Southern Mississippi,34,16,18,.471,-4.26,1.31,,7,11,,11,3,,2,11,,2401,2449,,67.8,105.8,.318,.454,.570,54.1,55.9,6.4,7.1,.544,18.1,28.0,.225
289,Southern Utah,32,13,19,.406,-7.64,-0.87,,5,13,,9,5,,2,13,,2416,2583,,73.1,109.6,.411,.344,.578,51.5,45.9,7.8,8.9,.542,15.3,25.4,.298
290,Southern,33,15,18,.455,-14.54,-9.57,,10,8,,11,3,,4,14,,2279,2369,,69.8,102.1,.372,.364,.522,48.4,48.9,8.6,9.4,.484,15.3,29.3,.262
291,St. Bonaventure NCAA,34,26,8,.765,8.87,2.61,,14,4,,13,1,,9,4,,2620,2407,,69.4,100.6,.384,.432,.531,49.5,57.4,7.6,10.2,.490,17.7,29.0,.275
292,St. Francis (NY),31,13,18,.419,-12.24,-7.31,,10,8,,10,3,,3,13,,2260,2357,,70.8,105.6,.447,.320,.565,53.0,43.1,8.2,8.7,.525,18.1,30.6,.320
293,St. John's (NY),33,16,17,.485,10.29,10.69,,4,14,,9,7,,2,7,,2412,2397,,71.1,100.3,.340,.429,.537,54.1,58.5,7.5,6.0,.499,19.3,31.5,.249
294,Stanford,35,19,16,.543,8.08,7.14,,11,7,,14,5,,4,7,,2655,2622,,72.2,103.1,.292,.361,.523,46.1,47.7,9.3,11.3,.497,13.9,27.0,.198
295,Stephen F. Austin NCAA,35,28,7,.800,2.66,-6.47,,14,4,,16,1,,9,5,,2819,2386,,73.8,92.4,.489,.384,.539,47.4,58.6,10.1,8.9,.496,23.8,27.8,.336
296,Stetson,32,12,20,.375,-12.38,-6.45,,4,10,,7,9,,5,11,,2412,2496,,73.1,105.9,.351,.380,.566,52.5,52.4,7.7,8.5,.537,16.8,26.8,.246
297,Stony Brook,32,13,19,.406,-5.08,-2.28,,7,9,,7,7,,6,11,,2205,2249,,69.6,100.2,.414,.360,.540,49.8,48.8,9.8,11.7,.501,18.7,28.0,.291
298,Syracuse NCAA,37,23,14,.622,12.89,10.02,,8,10,,14,5,,4,6,,2466,2360,,64.2,98.0,.314,.445,.502,47.4,73.8,9.5,8.7,.462,16.6,30.0,.229
299,Temple,33,17,16,.515,7.25,7.79,,8,10,,8,5,,4,10,,2308,2326,,67.5,103.7,.315,.370,.531,52.9,52.8,7.7,8.2,.498,16.0,32.4,.223
300,Tennessee-Martin,31,10,21,.323,-10.52,-4.96,,5,13,,5,9,,5,12,,2135,2253,,68.5,104.9,.329,.483,.542,50.5,68.6,9.8,6.7,.511,16.8,31.2,.231
301,Tennessee State,30,15,15,.500,-5.34,-2.98,,10,8,,9,5,,6,9,,1997,2010,,67.0,98.4,.342,.479,.545,50.3,63.1,8.1,10.0,.516,20.4,26.8,.235
302,Tennessee Tech,33,19,14,.576,-5.83,-3.54,,10,8,,11,3,,5,10,,2413,2388,,72.1,99.9,.352,.389,.533,50.7,53.3,8.2,10.5,.500,18.1,29.3,.245
303,Tennessee NCAA,35,26,9,.743,18.20,10.12,,13,5,,13,2,,8,4,,2584,2301,,67.1,97.3,.376,.365,.509,48.6,48.9,8.2,8.7,.467,17.6,30.9,.267
304,Texas A&M-Corpus Christi,29,11,18,.379,-12.30,-6.57,,8,10,,7,6,,4,11,,1963,2057,,69.9,100.6,.454,.417,.546,49.3,60.8,10.8,7.5,.510,19.1,28.6,.306
305,Texas A&M NCAA,35,22,13,.629,15.30,10.62,,9,9,,13,3,,4,7,,2631,2467,,70.9,99.5,.276,.376,.499,45.7,57.4,9.2,9.5,.469,13.3,27.1,.190
306,Texas-Arlington,34,21,13,.618,2.20,-1.44,,10,8,,13,2,,4,10,,2640,2500,,74.0,99.0,.339,.444,.520,47.8,53.3,9.6,7.1,.486,16.9,27.6,.235
307,Texas Christian NCAA,33,21,12,.636,16.38,9.68,,9,9,,15,3,,3,7,,2708,2487,,70.0,105.7,.305,.356,.555,45.5,57.2,8.8,11.0,.523,15.5,25.9,.223
308,Texas-El Paso,31,11,20,.355,-5.31,-0.21,,6,12,,9,8,,2,8,,2094,2197,,69.5,102.0,.360,.418,.531,53.4,52.4,7.9,5.1,.502,15.5,26.7,.240
309,Texas-Rio Grande Valley,33,15,18,.455,-7.73,-2.86,,6,8,,9,7,,6,10,,2490,2584,,75.8,102.6,.442,.331,.546,51.7,57.1,7.9,8.7,.506,17.9,29.8,.309
310,Texas-San Antonio,35,20,15,.571,-1.24,-0.93,,11,7,,12,4,,6,8,,2740,2628,,74.0,101.1,.404,.399,.522,48.9,50.5,7.0,9.6,.485,14.6,25.4,.275
311,Texas Southern NCAA,36,16,20,.444,-7.53,-5.53,,12,6,,8,2,,5,17,,2787,2859,,72.7,108.5,.312,.329,.537,51.5,54.3,7.2,10.9,.512,13.8,32.2,.208
312,Texas State,33,15,18,.455,-5.84,-3.45,,7,11,,7,7,,6,9,,2190,2172,,65.4,99.9,.297,.393,.536,47.6,52.3,9.5,12.1,.506,17.9,26.9,.211
313,Texas Tech NCAA,37,27,10,.730,19.38,9.60,,11,7,,17,1,,4,6,,2759,2397,,68.3,94.2,.379,.383,.506,47.4,46.8,8.7,9.9,.463,18.9,28.5,.267
314,Texas NCAA,34,19,15,.559,13.96,10.67,,8,10,,13,4,,3,7,,2450,2338,,66.9,99.2,.262,.352,.513,50.0,48.8,7.7,8.0,.483,15.7,29.2,.187
315,Toledo,34,23,11,.676,2.65,-1.75,,13,5,,12,4,,9,6,,2687,2532,,69.9,106.5,.258,.326,.523,48.8,38.9,8.7,10.3,.493,11.8,28.0,.189
316,Towson,32,18,14,.563,-0.12,-3.12,,8,10,,10,4,,4,9,,2446,2279,,68.7,102.0,.384,.391,.535,46.2,54.0,8.1,7.0,.496,16.6,27.6,.273
317,Troy,33,16,17,.485,-1.50,-2.12,,9,9,,10,4,,4,10,,2475,2408,,69.9,103.7,.305,.375,.528,50.2,46.9,9.0,7.9,.498,14.5,28.8,.212
318,Tulane,31,14,17,.452,1.21,2.08,,5,13,,9,7,,3,8,,2269,2296,,69.7,105.4,.346,.341,.539,51.0,47.2,9.8,8.2,.505,14.9,29.9,.247
319,Tulsa,31,19,12,.613,4.96,2.38,,12,6,,13,2,,4,7,,2277,2197,,68.1,102.9,.253,.435,.519,48.0,55.7,9.2,11.5,.495,15.3,29.6,.174
320,UCLA NCAA,33,21,12,.636,12.07,6.86,,11,7,,14,2,,3,7,,2679,2507,,71.4,104.0,.297,.394,.522,48.2,50.6,8.3,6.7,.491,12.8,26.8,.208
321,Utah State,34,17,17,.500,2.31,2.65,,8,10,,11,4,,2,12,,2489,2466,,68.8,105.0,.327,.376,.552,50.3,52.1,9.3,9.4,.517,15.6,26.3,.243
322,Utah Valley,34,23,11,.676,5.08,-1.76,,10,4,,16,1,,6,9,,2657,2310,,70.1,96.6,.271,.352,.500,45.3,58.5,10.5,8.7,.470,15.4,25.9,.189
323,Utah,35,23,12,.657,11.39,6.39,,11,7,,15,3,,6,6,,2571,2396,,67.2,101.1,.288,.385,.516,50.8,47.5,8.9,10.2,.483,15.2,28.4,.207
324,Valparaiso,32,15,17,.469,0.63,0.93,,6,12,,8,4,,3,12,,2252,2182,,69.8,97.7,.426,.351,.522,49.1,55.5,9.0,7.9,.476,17.7,27.3,.302
325,Vanderbilt,32,12,20,.375,8.52,10.14,,6,12,,11,7,,1,10,,2316,2368,,66.5,110.4,.365,.311,.559,49.6,46.7,7.2,13.9,.524,13.0,27.6,.264
326,Vermont,35,27,8,.771,4.90,-3.16,,15,1,,12,2,,12,5,,2587,2277,,65.3,99.7,.248,.377,.528,46.5,49.4,8.5,9.5,.502,15.2,22.2,.177
327,Villanova NCAA,40,36,4,.900,26.64,10.24,,14,4,,12,1,,9,3,,3463,2807,,70.1,99.2,.267,.357,.519,47.6,51.8,6.8,8.2,.485,15.9,26.5,.200
328,Virginia Commonwealth,33,18,15,.545,3.55,2.43,,9,9,,11,7,,5,5,,2507,2470,,71.4,103.7,.294,.369,.544,49.0,52.4,9.7,7.0,.515,15.8,27.0,.210
329,VMI,30,9,21,.300,-15.43,-4.25,,4,14,,6,8,,3,12,,1954,2214,,70.4,104.8,.348,.420,.549,52.6,54.4,10.1,9.2,.515,16.9,29.6,.250
330,Virginia Tech NCAA,33,21,12,.636,14.35,6.71,,10,8,,14,4,,6,5,,2634,2382,,69.9,102.1,.294,.428,.532,51.2,54.5,7.5,11.1,.504,16.2,29.4,.205
331,Virginia NCAA,34,31,3,.912,22.20,9.05,,17,1,,16,1,,10,1,,2283,1836,,60.6,88.8,.262,.408,.479,48.8,47.6,6.3,7.3,.443,18.4,25.5,.192
332,Wagner,33,23,10,.697,-3.19,-6.90,,14,4,,16,1,,7,9,,2448,2256,,69.6,97.8,.460,.366,.522,46.3,52.0,8.1,10.5,.477,18.1,28.2,.317
333,Wake Forest,31,11,20,.355,7.76,8.79,,4,14,,7,9,,3,8,,2273,2305,,69.9,106.4,.390,.401,.555,49.0,57.1,9.3,9.5,.515,15.5,27.7,.286
334,Washington State,31,12,19,.387,0.67,5.21,,4,14,,8,8,,1,10,,2270,2411,,69.4,111.2,.285,.400,.560,52.9,51.4,8.7,10.3,.535,14.1,31.2,.201
335,Washington,34,21,13,.618,7.62,6.06,,10,8,,16,4,,4,6,,2535,2481,,70.7,102.1,.344,.355,.538,51.9,60.1,8.5,8.7,.507,18.2,33.3,.238
336,Weber State,31,20,11,.645,0.02,-2.87,,13,5,,12,3,,7,4,,2434,2195,,70.0,99.9,.317,.325,.515,50.7,48.0,8.3,7.0,.483,14.8,25.8,.220
337,West Virginia NCAA,37,26,11,.703,19.89,9.38,,11,7,,14,3,,5,5,,2964,2575,,70.5,98.4,.441,.386,.542,47.5,55.3,7.8,10.1,.499,20.5,29.9,.314
338,Western Carolina,32,13,19,.406,-11.90,-1.63,,8,10,,8,5,,3,12,,2190,2419,,71.0,106.4,.349,.433,.569,52.0,58.3,11.0,10.5,.537,18.7,32.0,.252
339,Western Illinois,28,12,16,.429,-11.07,-2.28,,3,11,,11,5,,1,10,,2012,2009,,69.8,101.4,.275,.391,.522,50.0,48.3,9.1,6.0,.495,14.2,24.3,.192
340,Western Kentucky,38,27,11,.711,11.08,3.64,,14,4,,14,3,,9,5,,2979,2674,,69.7,100.6,.237,.367,.522,48.5,52.9,7.5,7.8,.495,16.0,29.0,.171
341,Western Michigan,32,17,15,.531,-2.22,-1.99,,9,9,,10,6,,6,7,,2402,2349,,69.4,105.3,.324,.433,.564,49.2,51.8,7.4,7.5,.534,17.5,27.0,.235
342,Wichita State NCAA,33,25,8,.758,16.58,5.46,,14,4,,13,3,,9,2,,2731,2364,,70.0,101.5,.332,.404,.531,42.9,44.0,8.6,9.1,.494,14.6,22.5,.241
343,William & Mary,31,19,12,.613,-1.37,-1.34,,11,7,,11,3,,7,8,,2636,2531,,71.4,112.9,.313,.376,.578,49.6,50.5,8.9,9.4,.555,13.2,25.4,.218
344,Winthrop,31,19,12,.613,-1.63,-5.85,,12,6,,11,3,,7,9,,2464,2219,,72.4,98.8,.324,.373,.521,48.7,44.9,10.2,8.7,.480,16.6,27.0,.241
345,Wisconsin,33,15,18,.455,10.38,9.50,,7,11,,11,7,,3,8,,2206,2177,,63.4,103.6,.302,.303,.547,50.3,47.4,8.3,10.8,.512,16.2,27.6,.228
346,Wofford,34,21,13,.618,-0.97,-2.45,,11,7,,12,5,,7,7,,2578,2405,,67.8,104.4,.332,.432,.559,49.7,56.9,9.1,7.8,.526,16.9,25.4,.243
347,Wright State NCAA,35,25,10,.714,0.58,-3.64,,14,4,,14,2,,8,7,,2500,2307,,69.9,93.6,.292,.394,.516,48.2,51.5,8.3,7.8,.483,19.2,25.0,.207
348,Wyoming,33,20,13,.606,4.26,3.54,,10,8,,13,4,,5,7,,2633,2597,,74.7,101.8,.372,.346,.546,52.9,51.3,8.0,7.3,.508,16.9,25.6,.268
349,Xavier NCAA,35,29,6,.829,19.06,9.43,,15,3,,17,1,,9,2,,2953,2616,,72.3,102.3,.256,.411,.532,44.9,52.1,9.3,9.6,.499,14.0,22.9,.195
350,Yale,31,16,15,.516,-4.19,-2.83,,9,5,,9,3,,7,11,,2312,2288,,70.1,104.4,.328,.352,.552,50.2,51.9,9.8,7.7,.519,16.1,26.3,.238
351,Youngstown State,32,8,24,.250,-13.66,-2.56,,6,12,,6,6,,2,13,,2410,2647,,74.2,110.6,.391,.347,.603,49.2,55.6,9.4,10.4,.579,18.5,29.6,.272